image_path,label,class_name,split,original_split
Final Dataset/training/Medium/d5bbb51b-2dd3-4da1-825a-293e18158a26.jpg,2,Medium,train,training
Final Dataset/testing/High/7ea7954a-0a9a-48a7-a57a-0fe8054b0063(1).jpg,3,High,train,testing
Final Dataset/validation/Empty/0c7b571f-6a42-4023-a6bb-954aadaebfd8.jpg,0,Empty,train,validation
Final Dataset/training/Empty/dc05a471-b945-407d-8559-467c26dff31b.jpg,0,Empty,train,training
Final Dataset/validation/Medium/9e19b74e-d8be-4d65-9ef7-9bd608ddd88b.jpg,2,Medium,train,validation
Final Dataset/training/Low/a2c4e6e4-a49a-4a8f-9b2e-bcfc1f905ae5.jpg,1,Low,train,training
Final Dataset/training/Low/500cae27-46ee-4b2e-ae25-6d0bc4c69654.jpg,1,Low,train,training
Final Dataset/training/Low/81eac422-f4bd-4f5b-af5f-7c30d02568a3.jpg,1,Low,train,training
Final Dataset/training/Empty/99c7589c-01a0-4f3f-a9ed-35bb736c7e53.jpg,0,Empty,train,training
Final Dataset/training/Empty/ed210d28-db89-4b4e-ad37-9a9eb38e54b3.jpg,0,Empty,train,training
Final Dataset/training/Traffic Jam/2fd82e67-6c37-4d38-ba99-185bec2294c5.jpg,4,Traffic Jam,train,training
Final Dataset/validation/Low/8a7b1d6f-5242-45b3-9653-b269af3ff142.jpg,1,Low,train,validation
Final Dataset/validation/Medium/8b475ce7-6189-47bf-818d-3cb06467aa5c.jpg,2,Medium,train,validation
Final Dataset/training/High/b10efa42-ce8b-4fdb-86b3-924617e62772.jpg,3,High,train,training
Final Dataset/training/Low/7ce4d3f4-175a-4f4d-b56b-f6e9785f72ae.jpg,1,Low,train,training
Final Dataset/training/Empty/e40b47a4-8842-4c30-bdfd-77264ff05f4b.jpg,0,Empty,train,training
Final Dataset/testing/Medium/69a4debd-fc43-4808-856d-ed3ed2a79509.jpg,2,Medium,train,testing
Final Dataset/training/Low/42a07228-8771-441d-b1fa-ecdb1aa4b7cf.jpg,1,Low,train,training
Final Dataset/training/Empty/2daae26a-1a12-499d-bd9e-6a83ce9c344f.jpg,0,Empty,train,training
Final Dataset/training/Empty/8e3a7249-1a43-419b-a204-3bbea6a469c2.jpg,0,Empty,train,training
Final Dataset/training/Empty/01027fbc-f458-4f24-afec-454bed24ea2c.jpg,0,Empty,train,training
Final Dataset/training/Medium/f7b34d06-a40c-4803-9d28-cbd9f37b908d.jpg,2,Medium,train,training
Final Dataset/training/High/a5019ed0-f259-4008-84fb-45d728d2afcf.jpg,3,High,train,training
Final Dataset/training/Medium/30964dcd-5259-45ab-a126-92ad0d67c04b.jpg,2,Medium,train,training
Final Dataset/training/Empty/da21d759-8f04-4a4c-b188-d181407f6a0b.jpg,0,Empty,train,training
Final Dataset/training/High/c2f3ade7-3724-4823-a983-8be63931c7b2.jpg,3,High,train,training
Final Dataset/training/High/081a4d29-9403-44ca-acb0-accaea1d587e.jpg,3,High,train,training
Final Dataset/training/Medium/ca9cec42-fb81-48bc-9f77-d7d704cad536.jpg,2,Medium,train,training
Final Dataset/training/Low/a858ce17-af93-4129-8f17-dbe3fc6cbac8.jpg,1,Low,train,training
Final Dataset/training/Empty/416d7976-9192-456f-800e-6c5230bdd699.jpg,0,Empty,train,training
Final Dataset/training/Empty/59e1ba88-de25-4ec9-b578-5d79e681c63e.jpg,0,Empty,train,training
Final Dataset/testing/Traffic Jam/34973ba2-d478-4ea4-8d29-9d7728e9cf26.jpg,4,Traffic Jam,train,testing
Final Dataset/training/Empty/bec6d6f4-2ea4-4aa4-9d0f-b4eb25d278ea.jpg,0,Empty,train,training
Final Dataset/training/Low/7c7cf706-9445-4770-8b7e-e480deb6389e.jpg,1,Low,train,training
Final Dataset/training/Medium/e2497932-5d88-41c5-8ac6-8a8a16c88c6a.jpg,2,Medium,train,training
Final Dataset/training/Low/b26011a7-ec0d-4576-b9e4-011a477f3652.jpg,1,Low,train,training
Final Dataset/training/Low/71bb064d-6b90-4ddc-b5b2-a81c32f72228.jpg,1,Low,train,training
Final Dataset/testing/Medium/71ef7abd-1239-41df-bb01-2afd896a4712.jpg,2,Medium,train,testing
Final Dataset/training/Low/5104a863-079c-4653-9154-2d58199035b8.jpg,1,Low,train,training
Final Dataset/validation/Empty/2f843db5-2b4e-4c0f-a6a3-0adac6be7f80.jpg,0,Empty,train,validation
Final Dataset/validation/High/4a8380a5-f254-45a5-879c-6e9953db362d.jpg,3,High,train,validation
Final Dataset/training/Medium/116deb2f-482a-48d3-a0cb-05061752a4ec.jpg,2,Medium,train,training
Final Dataset/training/Low/526564bd-71f7-4ff1-9685-bcd12ddd37f2.jpg,1,Low,train,training
Final Dataset/training/High/7cffe057-5a84-4aa2-bb09-b9d3a9b77110.jpg,3,High,train,training
Final Dataset/training/Low/35ca66bd-6af2-47d9-9333-9873967795dc.jpg,1,Low,train,training
Final Dataset/testing/Empty/0aad5c2c-a166-416a-9d6d-3e5da232a5ae.jpg,0,Empty,train,testing
Final Dataset/training/Medium/3db2cce5-765a-4768-a48f-375a3d5ea0c0.jpg,2,Medium,train,training
Final Dataset/validation/Low/2a6ca367-5265-47bf-a455-7bea90e56790(1).jpg,1,Low,train,validation
Final Dataset/training/Medium/14a2a2df-79d2-4d68-a067-8f6a5d495a59.jpg,2,Medium,train,training
Final Dataset/training/Medium/daedbdc2-daf5-4498-9171-0b5ca18a7605.jpg,2,Medium,train,training
Final Dataset/training/Traffic Jam/479665bd-91c7-4bb9-bf27-c16612997248.jpg,4,Traffic Jam,train,training
Final Dataset/testing/High/5050c989-d986-4cac-a28b-a78e97220ee5.jpg,3,High,train,testing
Final Dataset/testing/High/4b948edd-cbf2-4c55-adc2-79e34d60568b.jpg,3,High,train,testing
Final Dataset/training/Low/8069a475-6ea8-4c57-a0fa-72a095da7429.jpg,1,Low,train,training
Final Dataset/training/Empty/c51d2194-4978-4b94-97f1-457168d39df3.jpg,0,Empty,train,training
Final Dataset/testing/Medium/54f8ac4c-6828-4390-8cbf-3600b228c58c.jpg,2,Medium,train,testing
Final Dataset/validation/Empty/1a15790e-c4c6-45e2-8d25-7f7cfcdcca09.jpg,0,Empty,train,validation
Final Dataset/training/Medium/c5680a20-86a1-43bd-831d-01db7f9409ea.jpg,2,Medium,train,training
Final Dataset/training/Empty/281d1c7c-bfcb-4228-b338-8d62b3cb712c.jpg,0,Empty,train,training
Final Dataset/training/Traffic Jam/b649875a-fae6-4e46-bd31-e7075026615f.jpg,4,Traffic Jam,train,training
Final Dataset/testing/Medium/6d4a2e06-62f9-46d6-b55d-5b1ca556e3b9.jpg,2,Medium,train,testing
Final Dataset/training/Medium/977bea29-7510-46db-9d8e-39fb33097318.jpg,2,Medium,train,training
Final Dataset/training/Medium/28d28f49-4c5a-4999-b599-e8f9603dd550.jpg,2,Medium,train,training
Final Dataset/training/Empty/ca1ab031-c806-4ab6-ae1a-7bfbd8f293c5.jpg,0,Empty,train,training
Final Dataset/training/Medium/83941290-1add-4ed6-84c7-15083b67ed67.jpg,2,Medium,train,training
Final Dataset/training/Empty/7c591665-3be6-41a3-942b-d59bf72a1957.jpg,0,Empty,train,training
Final Dataset/training/Low/ffebf090-e09d-4b83-966f-c9cdf4a214b0.jpg,1,Low,train,training
Final Dataset/testing/Low/0b3f3ec5-0688-4bc0-a6aa-c150d9611cf6.jpg,1,Low,train,testing
Final Dataset/training/Low/3424725c-21a8-4f34-a1fd-bcdaaa60b59d.jpg,1,Low,train,training
Final Dataset/training/Low/dbc43eef-be12-4ea7-896f-31d779ecd0e5.jpg,1,Low,train,training
Final Dataset/training/Empty/4930a6ff-1765-49f1-a952-6048f8e68767.jpg,0,Empty,train,training
Final Dataset/training/High/f7d6cdc5-4d99-421d-8d51-d592058b9d86.jpg,3,High,train,training
Final Dataset/training/Traffic Jam/a72ad11e-6c9b-49d1-bc8b-ed33e6cbdfd6.jpg,4,Traffic Jam,train,training
Final Dataset/training/Low/1e65f79e-59b7-44e5-9d89-91f71a2e980f.jpg,1,Low,train,training
Final Dataset/training/Medium/5d220e0a-2378-4475-bf4b-471b46dfec63.jpg,2,Medium,train,training
Final Dataset/validation/High/6f118868-ec59-4760-a1bc-0902168580ba.jpg,3,High,train,validation
Final Dataset/training/Empty/acdf7630-df53-430b-9b16-4501fd153743.jpg,0,Empty,train,training
Final Dataset/testing/Traffic Jam/images97.jpg,4,Traffic Jam,train,testing
Final Dataset/validation/Empty/0a56fe04-7389-4e2d-a4c3-78f90f2e4701.jpg,0,Empty,train,validation
Final Dataset/training/Empty/266bd554-681b-4dce-a70b-6fc45681a02d.jpg,0,Empty,train,training
Final Dataset/testing/High/c2bc5c60-e2a8-4ef8-800d-37f3dfdadf14.jpg,3,High,train,testing
Final Dataset/training/Empty/aa649fba-7dcd-4d3d-8b42-79c5d33f3ce3.jpg,0,Empty,train,training
Final Dataset/training/Empty/5430a172-eb73-47d7-a19c-640bea8470e5.jpg,0,Empty,train,training
Final Dataset/validation/Medium/9d5eab89-5a49-494e-9bc0-c2c8215c8fdb.jpg,2,Medium,train,validation
Final Dataset/training/Empty/8f6bda51-a193-435a-ae07-c9004a9575f9.jpg,0,Empty,train,training
Final Dataset/training/Empty/401e26ff-5b77-448e-a852-72378abc6cc7.jpg,0,Empty,train,training
Final Dataset/training/Medium/6eaf048d-792f-4f90-80de-e619e48cb402.jpg,2,Medium,train,training
Final Dataset/training/Empty/850cffca-a043-4983-84d9-d779ae8b2c72.jpg,0,Empty,train,training
Final Dataset/training/Low/5af6efdb-a7b6-4b76-9343-5e7d46b82572.jpg,1,Low,train,training
Final Dataset/training/Empty/687e08a0-c9ab-44b7-ba41-3f98d25b6cea.jpg,0,Empty,train,training
Final Dataset/training/Empty/80c06a26-119f-401f-97e7-20be10a31665.jpg,0,Empty,train,training
Final Dataset/validation/Empty/0acea1e2-8306-415f-a85b-cdc67f4daeb3.jpg,0,Empty,train,validation
Final Dataset/training/Empty/da3d5adb-2a82-46f8-b019-9ea7ed31d0db.jpg,0,Empty,train,training
Final Dataset/training/Empty/d1eee901-3d5f-49c5-bd42-179843008147.jpg,0,Empty,train,training
Final Dataset/training/High/c795547b-7d0e-49c8-a4ad-dd0023b69c0b.jpg,3,High,train,training
Final Dataset/training/Low/93fa1a2e-eeeb-4b72-a658-54e49ac6daf1.jpg,1,Low,train,training
Final Dataset/training/Low/65616466-ac71-4e3a-afb1-403164e7a319.jpg,1,Low,train,training
Final Dataset/training/Low/b9187735-398a-4657-ab40-571255e1c28c.jpg,1,Low,train,training
Final Dataset/training/Traffic Jam/images35.jpg,4,Traffic Jam,train,training
Final Dataset/training/Low/d653c1ff-5724-4861-b808-74d0af413275.jpg,1,Low,train,training
Final Dataset/training/Low/ac2b53ea-04d3-48a9-8e64-761e5941752f.jpg,1,Low,train,training
Final Dataset/training/Medium/b6273007-d68e-445b-9b95-9ee4d45253c1.jpg,2,Medium,train,training
Final Dataset/training/Low/8a64ef16-940b-430d-bcad-53ff60bfc5af.jpg,1,Low,train,training
Final Dataset/training/Low/d2ff6630-1855-4047-97d6-381ef8b38cb5.jpg,1,Low,train,training
Final Dataset/training/High/435abb49-3e9c-4c8e-ba27-0fa6da674c6d.jpg,3,High,train,training
Final Dataset/training/Empty/a18c97f3-0536-4902-b70c-01cff0546f9d.jpg,0,Empty,train,training
Final Dataset/training/Low/064caee1-56e9-4583-bf2e-ef5dbc811a11.jpg,1,Low,train,training
Final Dataset/training/Empty/c8986c79-0ec4-4c13-ade5-dc7ccedcbab0.jpg,0,Empty,train,training
Final Dataset/training/Empty/435153e4-dfd7-41f3-b40e-3d90be52e457.jpg,0,Empty,train,training
Final Dataset/validation/Empty/3be17d4a-4d1d-40e0-9bf2-d6307fd48588.jpg,0,Empty,train,validation
Final Dataset/training/Medium/8a9b042a-30a9-4ca4-a9c7-ac020f9a8dd5.jpg,2,Medium,train,training
Final Dataset/training/Empty/16e98fea-17af-452e-bec3-55a8289a9806.jpg,0,Empty,train,training
Final Dataset/training/Low/c6972fb0-920f-4b4a-9dc3-9e01d0c640bf.jpg,1,Low,train,training
Final Dataset/training/High/4f8480da-44d0-4148-8d95-b3a5d1728c62.jpg,3,High,train,training
Final Dataset/training/Low/e44b19d1-8799-4c2c-bf42-5466e0a79975.jpg,1,Low,train,training
Final Dataset/training/Medium/360b7007-c3f3-4d36-93ea-1103bd3ce827.jpg,2,Medium,train,training
Final Dataset/training/Medium/694c6cf3-f9ec-4fdf-88a0-a27de2dd5f38.jpg,2,Medium,train,training
Final Dataset/training/Low/dacbdb5e-b932-4de0-9ca3-16d206c82063.jpg,1,Low,train,training
Final Dataset/training/Low/3ee935d0-df05-4ade-80be-57a432f546e6.jpg,1,Low,train,training
Final Dataset/training/Low/91cd5d4b-0776-471b-8b2f-2e69c2f203d8.jpg,1,Low,train,training
Final Dataset/training/High/cb2841cb-1486-4e30-935a-f4ecb271c4c3.jpg,3,High,train,training
Final Dataset/training/Medium/fad604d3-5ddd-4d4d-bc9e-b05441106fae.jpg,2,Medium,train,training
Final Dataset/training/Traffic Jam/image20.jpeg,4,Traffic Jam,train,training
Final Dataset/training/Low/e3ade93e-0e20-4f05-87ae-24e45ac5105a.jpg,1,Low,train,training
Final Dataset/training/Empty/a1d4ecfb-307f-462e-8aea-b0b3f748b696.jpg,0,Empty,train,training
Final Dataset/training/Medium/28313642-f2a4-43bb-b65b-88653bec84b9.jpg,2,Medium,train,training
Final Dataset/training/Medium/5db822ee-ed4e-45b8-a40a-fdab6c090196.jpg,2,Medium,train,training
Final Dataset/training/Medium/a2e03060-f01b-4f56-a07d-cbbf6ca93a5d.jpg,2,Medium,train,training
Final Dataset/training/Empty/1066de54-ab93-417a-84eb-a896bce07e6e.jpg,0,Empty,train,training
Final Dataset/training/Medium/44816b42-48ed-4003-b8a4-d40b8bf32e23.jpg,2,Medium,train,training
Final Dataset/training/Low/3794569d-c187-4b77-a5a3-32b119ff7634.jpg,1,Low,train,training
Final Dataset/training/Empty/8a60336b-a75d-488f-9c4f-b2a059bd5a2c.jpg,0,Empty,train,training
Final Dataset/training/Medium/870528dc-b4c3-4606-8d33-05a53e7a148e.jpg,2,Medium,train,training
Final Dataset/training/High/d28ae0c0-649d-4042-89ab-87782321b9be.jpg,3,High,train,training
Final Dataset/training/Low/dbc29948-1ab3-4ace-b168-c808abd211d6.jpg,1,Low,train,training
Final Dataset/training/Empty/307c9dc8-8754-4228-addc-1928f8e6a2b2.jpg,0,Empty,train,training
Final Dataset/training/Medium/ff1763a2-fd75-429d-8c6d-3cdb21bf3c89.jpg,2,Medium,train,training
Final Dataset/training/Empty/08beaf40-0cc6-408f-806b-abc0ce3daa4b.jpg,0,Empty,train,training
Final Dataset/testing/Traffic Jam/5c076bc3-7387-46ed-a04b-5fd4cab4c2f4.jpg,4,Traffic Jam,train,testing
Final Dataset/training/High/77d60934-12ba-444e-b30e-756843f50767.jpg,3,High,train,training
Final Dataset/training/Empty/4bd55fab-383a-4b02-a432-ae3ba1e127a9.jpg,0,Empty,train,training
Final Dataset/training/Low/ca187048-e3a5-40f4-aa35-31c1be31a7c5.jpg,1,Low,train,training
Final Dataset/validation/Empty/0bbe4143-9b4b-4242-9510-5e809b1d4ed9.jpg,0,Empty,train,validation
Final Dataset/training/Low/d51ce234-7436-4dcb-8729-7cb3cbe10d15.jpg,1,Low,train,training
Final Dataset/training/Empty/da04d3e7-9e96-44d0-ba53-b2aaf6b80b2a.jpg,0,Empty,train,training
Final Dataset/training/Medium/d0abe296-1abf-468e-b259-7b6a008b565f.jpg,2,Medium,train,training
Final Dataset/validation/Empty/2bc58821-9416-4e75-b6b7-0433e1b1b55f.jpg,0,Empty,train,validation
Final Dataset/validation/Low/a1075a0f-3a47-4630-b23d-48a5725be742.jpg,1,Low,train,validation
Final Dataset/training/High/2695905a-27d2-4226-ab7c-1472e7e2e39d.jpg,3,High,train,training
Final Dataset/training/Low/96e50f14-af22-46d3-86ca-b041e5842acf.jpg,1,Low,train,training
Final Dataset/testing/Low/0a10067e-8b02-4dfe-bfaf-0c5ec5e66d3c.jpg,1,Low,train,testing
Final Dataset/testing/High/21df87fe-b502-449c-99c1-002b77be525e.jpg,3,High,train,testing
Final Dataset/training/Empty/951d899c-fa1d-4bcf-9ef8-dd0d720c129e.jpg,0,Empty,train,training
Final Dataset/training/Medium/e72c6c6c-70ce-432b-9644-5d2a9e12f308.jpg,2,Medium,train,training
Final Dataset/training/Medium/a8ffe9b3-5f24-4ab8-916d-16e37f176d1b.jpg,2,Medium,train,training
Final Dataset/training/Low/c0c09e2a-11be-4b4e-ac5c-5d0f856542d1.jpg,1,Low,train,training
Final Dataset/training/Empty/8be7871e-1647-4b0d-bae7-595b2ec304a8.jpg,0,Empty,train,training
Final Dataset/training/High/fbb745aa-ad5b-4e47-885e-80ed9d95ff62 (1).jpg,3,High,train,training
Final Dataset/training/Low/a4f66fc6-f58f-4bb5-895c-6cdba05bfe52.jpg,1,Low,train,training
Final Dataset/testing/Traffic Jam/47113704_401.jpg,4,Traffic Jam,train,testing
Final Dataset/training/Low/e23c4f06-33d7-4d82-9517-8b47685b6781.jpg,1,Low,train,training
Final Dataset/training/Empty/7b696277-d311-437e-a086-6c4ccc46a3f3.jpg,0,Empty,train,training
Final Dataset/training/Empty/91fc0627-2b3e-4c99-b0f3-2e8dbc9d7a52.jpg,0,Empty,train,training
Final Dataset/training/Empty/535f5469-767e-4375-959c-c43845145933.jpg,0,Empty,train,training
Final Dataset/validation/Empty/2eff4460-0785-4435-95ed-4c7abf5df60c.jpg,0,Empty,train,validation
Final Dataset/testing/High/6bfabecf-cd8c-46a8-ad36-51f69fc94cb9.jpg,3,High,train,testing
Final Dataset/testing/High/25ed1e81-0a94-4914-bb38-4cfe78a6b03f.jpg,3,High,train,testing
Final Dataset/training/Empty/d090dfab-71a6-41f2-a2be-92ea9ea204dc.jpg,0,Empty,train,training
Final Dataset/training/Empty/d9adeb29-b49f-4675-b727-1a261b2b2b3b.jpg,0,Empty,train,training
Final Dataset/training/Medium/5259013b-4cda-4083-ae7d-8e24638fae71.jpg,2,Medium,train,training
Final Dataset/training/Medium/13c04d3b-15f5-453a-96b6-f65b257b1d93.jpg,2,Medium,train,training
Final Dataset/training/Medium/1725466e-9c63-4b28-ac3e-e678b1edd797.jpg,2,Medium,train,training
Final Dataset/training/Medium/e22febaa-a352-4d64-8833-a436cefdc03f.jpg,2,Medium,train,training
Final Dataset/validation/Empty/1e1fcefc-665c-4524-a927-0f109408c51f.jpg,0,Empty,train,validation
Final Dataset/training/Empty/d0986291-20b8-4ea1-94fd-cb47bf30d161.jpg,0,Empty,train,training
Final Dataset/training/Medium/e2fa43a1-a11a-43d9-9a53-9f7ba9629d81.jpg,2,Medium,train,training
Final Dataset/training/Empty/eac47c38-8feb-4c5d-826f-fc2a50fc8385.jpg,0,Empty,train,training
Final Dataset/training/Low/b1981f71-d58d-4574-a51f-994d0ad962c2.jpg,1,Low,train,training
Final Dataset/testing/High/3d7dc7a5-7fd2-4822-b566-84e0a1793493.jpg,3,High,train,testing
Final Dataset/training/Traffic Jam/images74.jpg,4,Traffic Jam,train,training
Final Dataset/training/Empty/f810588c-cc57-42b7-a74f-74653dbe55d3.jpg,0,Empty,train,training
Final Dataset/training/Traffic Jam/439d053d-4bbc-4c57-b873-fdedee6dd042.jpg,4,Traffic Jam,train,training
Final Dataset/training/Low/74bd162e-953f-454e-a5e7-b8c63635fa4e.jpg,1,Low,train,training
Final Dataset/training/Traffic Jam/highway-traffic.jpg,4,Traffic Jam,train,training
Final Dataset/training/Low/cd962dfa-d89e-433e-9ea6-ca1e72b81865.jpg,1,Low,train,training
Final Dataset/training/Empty/8e97f93f-8b35-4fc6-ae43-826442c6e734.jpg,0,Empty,train,training
Final Dataset/training/Empty/7f180b6a-11db-4aa9-a937-74a54c412579.jpg,0,Empty,train,training
Final Dataset/training/Empty/9ee44ab8-6292-4e9e-9e78-85e08a197a60.jpg,0,Empty,train,training
Final Dataset/training/Empty/3dd06e9a-f387-4750-b1e1-ddb9b52fac2e.jpg,0,Empty,train,training
Final Dataset/training/Low/3da86fa4-97aa-4611-843f-268e9034eefe.jpg,1,Low,train,training
Final Dataset/training/Low/e3a68394-af91-403c-aa6d-50ef7ed82afd.jpg,1,Low,train,training
Final Dataset/testing/Low/4c52a242-b563-4625-8390-ddbc40866ab0.jpg,1,Low,train,testing
Final Dataset/training/Empty/fb81014f-2bf9-4acb-86ff-0acfa2d1d39a.jpg,0,Empty,train,training
Final Dataset/training/Low/50c4bcbe-c61c-4b33-ae27-3f9d8c060d10.jpg,1,Low,train,training
Final Dataset/training/Empty/cc08b961-67e4-4043-99c8-6d7d958bea8d.jpg,0,Empty,train,training
Final Dataset/training/Empty/4493609d-e7b8-44c0-98b1-9655688b1dd3.jpg,0,Empty,train,training
Final Dataset/testing/Traffic Jam/6cfe14d3-5f99-4f87-aa86-1ea1a89e6532.jpg,4,Traffic Jam,train,testing
Final Dataset/training/Empty/e0b54271-84f1-4cc6-af2f-8ca08ff525e5.jpg,0,Empty,train,training
Final Dataset/training/Empty/9314f48a-c72d-4ab8-a22e-4c4065621766.jpg,0,Empty,train,training
Final Dataset/training/Low/ce96e02b-65f6-46c7-a4ca-530d62a2925d.jpg,1,Low,train,training
Final Dataset/training/Medium/a9188089-3fcd-4907-8271-e86beb807b59.jpg,2,Medium,train,training
Final Dataset/training/Medium/204e6cc0-1769-4c0f-b34f-e1738a12f263.jpg,2,Medium,train,training
Final Dataset/testing/Low/9b041343-9721-4560-88af-06bcbef5f728.jpg,1,Low,train,testing
Final Dataset/training/High/e7b3573f-b869-47bf-a9cb-20f53a10af90.jpg,3,High,train,training
Final Dataset/validation/Low/8c12143b-acc4-48cc-bd62-33a07ca1c9c6.jpg,1,Low,train,validation
Final Dataset/training/Low/840ba1da-cb4d-4ea6-80e9-5e4a3df21918.jpg,1,Low,train,training
Final Dataset/validation/Medium/7f6635d6-066f-44b7-8fc5-87d66071c683.jpg,2,Medium,train,validation
Final Dataset/training/Medium/ba563141-514b-40da-988b-08408936b30a.jpg,2,Medium,train,training
Final Dataset/training/Empty/c334bffc-3846-44a2-8692-b4dc169deb86.jpg,0,Empty,train,training
Final Dataset/training/High/129bca0d-1897-41bc-add0-73317d89a3f0.jpg,3,High,train,training
Final Dataset/training/Low/56f2c434-46da-4c5d-91cf-f92fa25eaa45.jpg,1,Low,train,training
Final Dataset/training/Empty/ef4e841e-9716-4646-b350-5472566bff1b.jpg,0,Empty,train,training
Final Dataset/training/Empty/588843c7-f37b-4bef-8b86-1c9cbfb657b5.jpg,0,Empty,train,training
Final Dataset/validation/High/1ba6900b-a043-47d2-a855-34fcde6390c4(1).jpg,3,High,train,validation
Final Dataset/training/Empty/75c5619f-7923-4c3d-b253-1b58d32ed2b3.jpg,0,Empty,train,training
Final Dataset/validation/Empty/2a00f328-fb4f-48de-9357-67e7198670c9.jpg,0,Empty,train,validation
Final Dataset/training/Low/c46f9e88-4630-4d23-8cf2-bee3cebf9451.jpg,1,Low,train,training
Final Dataset/validation/Empty/1ec498ae-4bd7-46a7-b127-69d2fce48075.jpg,0,Empty,train,validation
Final Dataset/training/Low/d188c6b2-f493-4664-b667-9e9373906ed1.jpg,1,Low,train,training
Final Dataset/training/Low/c39be16f-8bd1-4951-baaf-c59a7d3cf984.jpg,1,Low,train,training
Final Dataset/training/Empty/f4855837-802a-4e62-9fc0-4a897afea5ab.jpg,0,Empty,train,training
Final Dataset/training/Empty/2739fecf-d96f-493c-a82d-86fdfdf23513.jpg,0,Empty,train,training
Final Dataset/training/High/72b68ed6-9d63-47f5-8d0b-f51ffbb8259c.jpg,3,High,train,training
Final Dataset/training/Medium/75e782d7-9278-4419-a356-af8291e0475b.jpg,2,Medium,train,training
Final Dataset/training/Empty/6165f7ca-2fb8-4531-98d8-d659e0171abf.jpg,0,Empty,train,training
Final Dataset/training/Low/e9d1b6ea-872a-40ea-a692-23dc77778a44.jpg,1,Low,train,training
Final Dataset/training/Empty/71fb0896-1c5b-46cc-be5a-5ad1f4ad31ab.jpg,0,Empty,train,training
Final Dataset/training/Low/d52d3a01-dd80-4ac1-ba72-e0033a08bab1.jpg,1,Low,train,training
Final Dataset/training/Empty/bf6f6762-e750-443a-99af-72cd0d1c18d9.jpg,0,Empty,train,training
Final Dataset/training/Empty/aba0a631-ca72-46b2-97f7-337d6c04a010.jpg,0,Empty,train,training
Final Dataset/training/Empty/ecad1f6f-c541-4fbf-b0be-41f4a914b86f.jpg,0,Empty,train,training
Final Dataset/training/Empty/a6cfc23f-f07f-4007-8b06-4a5c256e8d52.jpg,0,Empty,train,training
Final Dataset/training/Low/f1a7f927-fd85-4bf8-b6ca-47eea305c314.jpg,1,Low,train,training
Final Dataset/training/High/958cbddb-a07c-4d12-b3e9-5c86b6ef1dd1.jpg,3,High,train,training
Final Dataset/testing/Empty/1ae29241-6f2b-40d3-b5f2-7a1b0f44cdcf.jpg,0,Empty,train,testing
Final Dataset/testing/Medium/6bd5ba40-5e14-406a-b757-5ebc57f61456.jpg,2,Medium,train,testing
Final Dataset/training/Low/ef99cf08-816d-4d64-87fc-b515dad59b8a.jpg,1,Low,train,training
Final Dataset/training/Medium/010e7422-1bf1-4217-a403-b755a0aebf14.jpg,2,Medium,train,training
Final Dataset/training/Low/7a971e2f-7ec3-49fc-bf24-1afeff001da0.jpg,1,Low,train,training
Final Dataset/training/Low/594e61df-f2b0-4e34-88ed-34603ba247d5.jpg,1,Low,train,training
Final Dataset/training/Low/cb06b915-87a3-4ec0-8866-25d294c53016.jpg,1,Low,train,training
Final Dataset/training/Empty/276b281d-32b2-4542-952e-6b0a9e74f70f.jpg,0,Empty,train,training
Final Dataset/training/Low/0607e83d-40e3-41d5-8125-dcec1e066cb1.jpg,1,Low,train,training
Final Dataset/training/Medium/7283554d-f48e-448b-b815-964e9b853847.jpg,2,Medium,train,training
Final Dataset/training/Medium/b7330336-ab80-43a7-8811-dec6bb95beb3.jpg,2,Medium,train,training
Final Dataset/testing/Medium/66cc2e28-5bae-4512-8857-6ffab7aab65c.jpg,2,Medium,train,testing
Final Dataset/training/Low/db6415e9-6a40-4f5c-86d0-27f5ceba87cc.jpg,1,Low,train,training
Final Dataset/validation/Low/7b9a612b-b9fd-46c7-af46-c1afa2067622.jpg,1,Low,train,validation
Final Dataset/training/Low/570e1708-72a0-44aa-aa66-9a277a23918c.jpg,1,Low,train,training
Final Dataset/training/High/109495c4-140e-4103-8980-5593beb0c89d (1).jpg,3,High,train,training
Final Dataset/training/Medium/6b91b59a-b1fe-476e-9aee-beaa234a6b5c.jpg,2,Medium,train,training
Final Dataset/training/Empty/b8d1f0c1-d52d-4d29-a02e-f0b72bbfe806.jpg,0,Empty,train,training
Final Dataset/training/Low/479d4f02-0640-4f0e-b7e8-3cfed46672d5.jpg,1,Low,train,training
Final Dataset/training/Empty/cc44faf9-3f30-49ca-a89b-6687d5d51736.jpg,0,Empty,train,training
Final Dataset/training/Low/321ed705-5a81-4559-a880-db67b4f943b4.jpg,1,Low,train,training
Final Dataset/training/Low/9e6a3e18-5ed1-49c4-8603-b062fe9493e2.jpg,1,Low,train,training
Final Dataset/training/Empty/5ea964c1-f7c2-4530-9718-675450cb0e0a.jpg,0,Empty,train,training
Final Dataset/training/Low/6ed95632-3aef-4485-9c49-5ae8fd0bbe40.jpg,1,Low,train,training
Final Dataset/training/Empty/4e092f49-a024-422e-a49b-498226a3bff7.jpg,0,Empty,train,training
Final Dataset/training/Low/9b161fc8-a571-44b7-b89c-dd4806151482.jpg,1,Low,train,training
Final Dataset/training/Low/ebf8e7f2-9c3c-4550-bde0-c18f237d6cc9.jpg,1,Low,train,training
Final Dataset/training/Low/9228d2f6-20db-4bc9-8831-d35a550d5586.jpg,1,Low,train,training
Final Dataset/testing/Traffic Jam/316b993d-4d68-47f9-beb1-590bfc300d6d.jpg,4,Traffic Jam,train,testing
Final Dataset/training/Low/2860149f-1574-4d72-b177-e1bdb8a352b1.jpg,1,Low,train,training
Final Dataset/training/Medium/72a3d015-9bc6-425a-a181-1f5fc4ce3b0d.jpg,2,Medium,train,training
Final Dataset/training/Empty/91c755bc-a219-4484-8b48-a550ac7d3096.jpg,0,Empty,train,training
Final Dataset/testing/Empty/3a5c5fca-14c0-4ab8-a967-8815a31d8978.jpg,0,Empty,train,testing
Final Dataset/training/Low/ef6d2832-bcad-458c-8cd7-aac89b915bf5.jpg,1,Low,train,training
Final Dataset/training/Medium/fdc1ee00-f819-4855-a353-8f1972a19c29.jpg,2,Medium,train,training
Final Dataset/training/Low/41aa7469-57ef-4b91-82e6-ada3cd5ca214.jpg,1,Low,train,training
Final Dataset/validation/Low/8bea5a6e-c2fd-4a4e-9935-23fef50eb2e9.jpg,1,Low,train,validation
Final Dataset/training/Empty/35dfb2af-22d3-498e-9954-33495749a2af.jpg,0,Empty,train,training
Final Dataset/training/Medium/4fb5b8c7-96b6-4dad-97c6-848a292a5311.jpg,2,Medium,train,training
Final Dataset/training/Medium/a0c8acdd-3dea-4f8b-bfbe-57939e9d08c9.jpg,2,Medium,train,training
Final Dataset/training/Medium/aeae2c22-5b03-4718-bb79-aeb23b97d2e8.jpg,2,Medium,train,training
Final Dataset/training/Empty/e3d21876-672e-4a1d-a057-96bef5bd08e6.jpg,0,Empty,train,training
Final Dataset/validation/Low/5efc1903-4219-4424-b799-7ebabc3eea39.jpg,1,Low,train,validation
Final Dataset/training/Medium/18f4da37-02da-48dd-b880-b4940fad787e.jpg,2,Medium,train,training
Final Dataset/training/Empty/619354cf-0c8f-406d-b819-cb58b546e688.jpg,0,Empty,train,training
Final Dataset/training/Medium/9d5d441d-5c4e-4619-9d94-cbf7dbe43a07.jpg,2,Medium,train,training
Final Dataset/training/Empty/a3a89b38-4061-4415-971a-8ac72b4c8687.jpg,0,Empty,train,training
Final Dataset/training/Low/abfb4b69-5cef-4fcf-9d07-c6726558502c.jpg,1,Low,train,training
Final Dataset/training/Empty/8d5a60ee-c545-4131-b60e-3621e5071b85.jpg,0,Empty,train,training
Final Dataset/validation/Medium/1ce00293-236a-4d69-9d14-c2182fcc4168.jpg,2,Medium,train,validation
Final Dataset/training/Low/e4570828-804c-4b18-afc2-071268a3dda1.jpg,1,Low,train,training
Final Dataset/training/Medium/d2fbc1a8-ab10-423b-90d0-6cdad0f8d22d.jpg,2,Medium,train,training
Final Dataset/training/Empty/c64c29af-cc9a-4543-9ebe-398dd865fc73.jpg,0,Empty,train,training
Final Dataset/validation/Empty/4b030d37-17bc-4f94-8fe5-c4c29a1ff0e0.jpg,0,Empty,train,validation
Final Dataset/training/Empty/fef65b4c-704d-41ce-9fda-113919c80e4c.jpg,0,Empty,train,training
Final Dataset/training/Empty/a79c0acc-da67-489f-8c4b-2e795872b51d.jpg,0,Empty,train,training
Final Dataset/training/Low/71615006-069b-4d5c-b9d9-1589773bb1de.jpg,1,Low,train,training
Final Dataset/training/Medium/325d94ee-846c-44c9-9b9a-e516ef2cc68c.jpg,2,Medium,train,training
Final Dataset/training/Low/ef1382af-f823-4b1a-8e3a-9c11b3fa092f.jpg,1,Low,train,training
Final Dataset/testing/Empty/0a175e12-bade-49c4-ad00-c07329ce5fd4.jpg,0,Empty,train,testing
Final Dataset/training/Low/6208f11a-41bc-41c4-9f06-eb0c51c016b0.jpg,1,Low,train,training
Final Dataset/training/Medium/0a3eb4af-42ee-4a1b-b9fe-642466fd9bef.jpg,2,Medium,train,training
Final Dataset/testing/Traffic Jam/39377295_401.jpg,4,Traffic Jam,train,testing
Final Dataset/training/Low/c6e2335d-43e7-4343-9755-c4ed905d8b90.jpg,1,Low,train,training
Final Dataset/training/Medium/ca4a41ea-801b-4931-876b-bbb6a2c6c175.jpg,2,Medium,train,training
Final Dataset/training/Low/173604bd-3e6b-4b54-ad0d-182e4fe732a8.jpg,1,Low,train,training
Final Dataset/training/Empty/df27fe71-acec-4ea6-bde3-1cf6a2667c25.jpg,0,Empty,train,training
Final Dataset/training/Traffic Jam/images11.jpg,4,Traffic Jam,train,training
Final Dataset/training/Medium/c92174f2-b428-4e7e-ad57-2c6e14f90516.jpg,2,Medium,train,training
Final Dataset/training/Medium/16575f02-297f-412b-88aa-dadbfbb0f179.jpg,2,Medium,train,training
Final Dataset/training/Low/77819c16-8417-49ef-bd94-e62281c0c8ef.jpg,1,Low,train,training
Final Dataset/training/Low/af8911ed-b17a-4019-bf26-70f77631fe91.jpg,1,Low,train,training
Final Dataset/training/High/cdebad07-b4e2-4631-8686-c7ac45f36700.jpg,3,High,train,training
Final Dataset/training/Low/fd532e01-3679-4723-9b65-b37f994a5aad.jpg,1,Low,train,training
Final Dataset/training/Empty/b9a6f477-06c5-43cc-a4c2-7028935783d3.jpg,0,Empty,train,training
Final Dataset/training/Low/52d69f2b-cf48-4e3a-86af-9767b801d71b.jpg,1,Low,train,training
Final Dataset/training/Low/9d1555fc-be31-43f4-8c56-9f4df8ed8b37.jpg,1,Low,train,training
Final Dataset/training/Empty/224ae1e4-94fb-4e4c-92d3-a8a3a779c94f.jpg,0,Empty,train,training
Final Dataset/training/High/c1bab315-2241-4082-8e44-74d4ec302da0.jpg,3,High,train,training
Final Dataset/training/High/d611e789-32f9-42b8-90fe-5e816f7c740f.jpg,3,High,train,training
Final Dataset/training/Empty/cb1e1e61-54fe-44bb-9919-52ff98d84e30.jpg,0,Empty,train,training
Final Dataset/training/Low/d931406f-79ed-4831-82e8-a88c418748c1.jpg,1,Low,train,training
Final Dataset/training/Low/f8345197-6e42-416e-b606-146c1f2bfc2b.jpg,1,Low,train,training
Final Dataset/training/Empty/e70ef87e-a950-4ebb-83f4-7cf0adb3e3a7.jpg,0,Empty,train,training
Final Dataset/training/Low/e27bd409-e825-4cd9-9e60-2459a1d95f1f.jpg,1,Low,train,training
Final Dataset/training/High/70267d32-d21e-4c8c-a6e5-4d13b76bcb11.jpg,3,High,train,training
Final Dataset/training/Traffic Jam/b547dd13-7d25-4ab2-8de8-e9df7b6c3ba7.jpg,4,Traffic Jam,train,training
Final Dataset/training/Low/906517a4-003b-4640-90b6-fdf7baa9942e.jpg,1,Low,train,training
Final Dataset/training/Empty/242f154f-f933-4570-8ce0-0371a908bd0a.jpg,0,Empty,train,training
Final Dataset/training/Low/5dc311ce-b1b7-46bb-97a4-c2c99931501a.jpg,1,Low,train,training
Final Dataset/training/Empty/df623e23-a728-401c-9938-121b7ea04b26.jpg,0,Empty,train,training
Final Dataset/training/Medium/863eedc3-4747-4bf3-bcd0-cfec9cc93226.jpg,2,Medium,train,training
Final Dataset/training/Medium/8d72ade9-23e3-49fc-b54c-a9a6add78ab4.jpg,2,Medium,train,training
Final Dataset/training/Low/804464d8-be49-4a2c-969e-bea074668a88.jpg,1,Low,train,training
Final Dataset/training/Empty/f400f561-70bf-4a25-930b-2e4f29619d9d.jpg,0,Empty,train,training
Final Dataset/training/Low/e1039a26-9de4-4583-930c-8b9c18c29823.jpg,1,Low,train,training
Final Dataset/training/High/c009b0a1-2cf6-486b-84bf-e24089881d81.jpg,3,High,train,training
Final Dataset/validation/Medium/2f3b53fe-fceb-4b00-9b1c-b6e433303b45.jpg,2,Medium,train,validation
Final Dataset/training/Low/be61088f-4b68-4a81-87d4-28d4203ad6ef.jpg,1,Low,train,training
Final Dataset/training/Low/96685463-5992-4ecc-b664-c4d643a2a230.jpg,1,Low,train,training
Final Dataset/training/Traffic Jam/a2d76306-f58e-4df3-ae3b-683988c54118.jpg,4,Traffic Jam,train,training
Final Dataset/training/Empty/8ba5aff6-4754-466f-9a56-905d6dedec62.jpg,0,Empty,train,training
Final Dataset/validation/High/9c448aa7-40ff-45d1-a2d4-2d14f1720136.jpg,3,High,train,validation
Final Dataset/training/Medium/380c884d-9787-4a3d-8ef7-7864f473719a.jpg,2,Medium,train,training
Final Dataset/training/Medium/f0f5baa5-59a5-4137-9518-5b3c37251121.jpg,2,Medium,train,training
Final Dataset/training/Low/cb3982f7-25c1-462c-93f3-44b30549f266.jpg,1,Low,train,training
Final Dataset/training/Medium/c3efe07a-152f-47f0-8f9f-f059a1a777c5.jpg,2,Medium,train,training
Final Dataset/validation/Empty/0da11406-f96f-42ea-9319-11254e4975c6.jpg,0,Empty,train,validation
Final Dataset/training/High/8cf33808-dd27-4a02-b497-1566c486306c.jpg,3,High,train,training
Final Dataset/training/Low/953c4e32-722d-4bc8-9a86-daaaea70a544.jpg,1,Low,train,training
Final Dataset/training/Medium/1fc43248-16db-4feb-80c4-a93d5016371c.jpg,2,Medium,train,training
Final Dataset/training/Low/73278def-71f5-48fb-8fea-68f721a57947.jpg,1,Low,train,training
Final Dataset/training/Medium/6e322ab1-04b0-41c6-b3ed-e31b83b49a1b.jpg,2,Medium,train,training
Final Dataset/training/Medium/5309fb88-00b9-4ade-b860-78f986d30c24.jpg,2,Medium,train,training
Final Dataset/training/Empty/10fbccc1-4d6b-489d-ae21-fd2b3ac8a81a.jpg,0,Empty,train,training
Final Dataset/training/Low/c963fe6d-7071-4e3d-84b3-b150a8eeef13.jpg,1,Low,train,training
Final Dataset/training/Traffic Jam/8dd0c5c3-873c-4f3e-88ac-74b70cce4dfc.jpg,4,Traffic Jam,train,training
Final Dataset/training/Low/f5fa532b-23e0-4bf4-836c-cf4323f69bd3.jpg,1,Low,train,training
Final Dataset/validation/Low/9c1c1e85-b02b-44dd-b7fa-99d47eedfed3.jpg,1,Low,train,validation
Final Dataset/training/Low/aa455fa8-8b82-4bc3-b6f4-5216ff6fe2b6.jpg,1,Low,train,training
Final Dataset/training/Empty/9b1dcf75-db61-4609-8792-6f9384e31d3a.jpg,0,Empty,train,training
Final Dataset/training/Low/740d4a4e-fc36-485a-8374-d41ab4ea7631.jpg,1,Low,train,training
Final Dataset/training/Medium/1440dd95-a5f0-471e-a762-2a252fe37bac.jpg,2,Medium,train,training
Final Dataset/training/Empty/c7db5db4-ce1e-4f1f-b67b-6b20540cdffb (1).jpg,0,Empty,train,training
Final Dataset/training/Low/62dd2f85-a200-4eb8-880d-7942389c6084.jpg,1,Low,train,training
Final Dataset/training/Empty/b1228794-8b10-47d1-8bd5-8fd1799e226a.jpg,0,Empty,train,training
Final Dataset/training/Low/04b0e30b-76a9-4f99-8fa8-724515984aba.jpg,1,Low,train,training
Final Dataset/training/Medium/a11b8646-dade-4ee0-9762-6e702bc7a801.jpg,2,Medium,train,training
Final Dataset/training/Low/b82fcbc3-4e9b-4361-a8f6-696c640e20fe.jpg,1,Low,train,training
Final Dataset/training/Empty/cf73e334-e9b9-4a4b-a694-4df6435515c6.jpg,0,Empty,train,training
Final Dataset/training/Traffic Jam/img_9681.jpg,4,Traffic Jam,train,training
Final Dataset/training/Empty/57f12a94-b8f5-4634-a223-ce3acd625fe4.jpg,0,Empty,train,training
Final Dataset/training/Low/b23a2ebd-ef25-4ebe-a35b-305e27e3caa1.jpg,1,Low,train,training
Final Dataset/training/Empty/94dab1b7-3a10-40ae-aec8-a471e054325a.jpg,0,Empty,train,training
Final Dataset/training/Low/058cb240-244c-4428-8aee-2f23ef6159bd.jpg,1,Low,train,training
Final Dataset/training/Low/261f590b-1c24-44f9-a1c9-e6c95fe0beaa.jpg,1,Low,train,training
Final Dataset/training/Empty/d701b2af-f9d5-47d4-810d-58cca3d6d4e2.jpg,0,Empty,train,training
Final Dataset/training/Empty/775b5729-02a1-4a4a-b910-74296f2e04f9.jpg,0,Empty,train,training
Final Dataset/training/Medium/bbc77d1f-a298-4a99-9769-52cea1e4e4b9.jpg,2,Medium,train,training
Final Dataset/training/Low/c139c6d9-0b86-45ca-927e-7dd3ef432730.jpg,1,Low,train,training
Final Dataset/training/High/e11e7618-4273-4050-a881-c0e99ab9c5ff.jpg,3,High,train,training
Final Dataset/training/Low/5cfae415-b826-4bc2-9c5c-31e43488a501.jpg,1,Low,train,training
Final Dataset/training/Traffic Jam/128ffb46-317f-40f7-b52d-dcbc3c933907.jpg,4,Traffic Jam,train,training
Final Dataset/training/Traffic Jam/efdb51b8-1b92-49ec-8e9e-2603bd449b78.jpg,4,Traffic Jam,train,training
Final Dataset/training/Empty/63d999ba-c29f-49a1-9705-b6a2a47ddee2.jpg,0,Empty,train,training
Final Dataset/training/Empty/830b774f-e4c1-4c22-9ea3-43de72ab08e4.jpg,0,Empty,train,training
Final Dataset/training/Low/57da5c21-989f-4ab8-8e13-87eb61b5c98f.jpg,1,Low,train,training
Final Dataset/testing/Traffic Jam/2ed274cf-4d75-4057-94d1-3f1fc4b73f0c.jpg,4,Traffic Jam,train,testing
Final Dataset/training/Traffic Jam/images61.jpg,4,Traffic Jam,train,training
Final Dataset/training/Medium/36ca4c79-0da2-466b-9d17-8b485796b7c0.jpg,2,Medium,train,training
Final Dataset/training/Medium/44d332d3-8df9-4b9f-9928-d604c772b3f2.jpg,2,Medium,train,training
Final Dataset/training/High/6e7d69ea-9f5a-43d9-addd-dd5a55c232bd.jpg,3,High,train,training
Final Dataset/training/Medium/8757fd49-c4a5-4aae-acaa-540af41d41b3.jpg,2,Medium,train,training
Final Dataset/training/Low/ed08e770-fc52-44e0-8cf4-0117012dac11.jpg,1,Low,train,training
Final Dataset/training/Empty/d7324314-21e0-4b89-984e-bcb3609d9ef3.jpg,0,Empty,train,training
Final Dataset/training/Empty/5cffd003-9ad5-40b1-b772-671d7335da6c.jpg,0,Empty,train,training
Final Dataset/training/Empty/caf4049b-0cc2-430f-8b5b-5ac4d9ae548c.jpg,0,Empty,train,training
Final Dataset/training/Medium/740010bc-4b0d-425d-b197-1a0ff96ea638.jpg,2,Medium,train,training
Final Dataset/training/Medium/908d8eed-f351-4b47-8d04-0a300ff97882.jpg,2,Medium,train,training
Final Dataset/training/Empty/e312cbfb-0b5c-4a31-aac4-0954a7edfa57.jpg,0,Empty,train,training
Final Dataset/training/Medium/f615cf74-fdbe-4ff4-a636-1bb979c523ce.jpg,2,Medium,train,training
Final Dataset/validation/Empty/5c69fb12-1e35-4817-9ef7-19fe62945586.jpg,0,Empty,train,validation
Final Dataset/training/Traffic Jam/3934d837-fd8f-45e2-9408-93f2574ac68e.jpg,4,Traffic Jam,train,training
Final Dataset/training/Empty/534fd0e3-c549-4daa-9b04-468d5d306b9a.jpg,0,Empty,train,training
Final Dataset/training/High/6545b5bd-0f8d-4fa3-b97d-94dfa61bffb3.jpg,3,High,train,training
Final Dataset/training/Medium/b2d6849c-c5b7-4d8e-bdad-c17c029d7c2e.jpg,2,Medium,train,training
Final Dataset/testing/Low/4f48fc1a-6eab-4e0f-bc62-028ab2e68d47.jpg,1,Low,train,testing
Final Dataset/training/Empty/02479826-38b5-4080-b1cc-140d2f58a3d5.jpg,0,Empty,train,training
Final Dataset/training/Low/9313244a-368d-4653-837b-b327a45f4eff.jpg,1,Low,train,training
Final Dataset/training/Low/9daf641a-d900-44da-8303-d949461a06d7.jpg,1,Low,train,training
Final Dataset/training/Low/71f308d1-ed10-458d-80d6-5778239a5839.jpg,1,Low,train,training
Final Dataset/training/Low/2c6596d5-adbd-4cc6-8d3e-6029c1d72e24.jpg,1,Low,train,training
Final Dataset/training/Empty/e6115290-c88e-4562-802a-c4128f286083.jpg,0,Empty,train,training
Final Dataset/training/Empty/ff633232-7345-4c40-9773-7ea4e6504b83.jpg,0,Empty,train,training
Final Dataset/training/High/94a91031-7170-4421-ba24-5888affab08d.jpg,3,High,train,training
Final Dataset/training/Medium/a3cf06ad-172d-4594-addb-2c02874ddf3c.jpg,2,Medium,train,training
Final Dataset/testing/Medium/3b2207de-2ae6-407f-9d1a-7b6f5e8c7639.jpg,2,Medium,train,testing
Final Dataset/training/Empty/f4452d60-ac9b-4791-af4e-546cd1d038be.jpg,0,Empty,train,training
Final Dataset/testing/Traffic Jam/5432f573-a3a8-40cd-98fe-d718a00fb8f0.jpg,4,Traffic Jam,train,testing
Final Dataset/training/High/16489010-276e-45e3-b2c0-4e20681dad63.jpg,3,High,train,training
Final Dataset/training/Low/90fcd1b5-0976-4595-9c06-f96bc41d68bd.jpg,1,Low,train,training
Final Dataset/training/Empty/416b5cec-a9b0-4021-80af-5a71488bbf15.jpg,0,Empty,train,training
Final Dataset/training/Medium/43fbff5d-394d-4d8f-870a-51087783a2c5.jpg,2,Medium,train,training
Final Dataset/training/High/c3a2df7e-5268-4138-9165-9c7a29fa6dcc.jpg,3,High,train,training
Final Dataset/validation/Empty/39cd1ddb-11e1-439a-961d-b164daf646e7.jpg,0,Empty,train,validation
Final Dataset/training/Low/cefc7d73-e4b7-4f60-8f48-70a42bad1c05.jpg,1,Low,train,training
Final Dataset/training/Empty/04bbe6f8-9a8a-494b-97bc-e03b7f09fbca.jpg,0,Empty,train,training
Final Dataset/testing/Traffic Jam/00babd9c-aa75-4ccc-9cf0-78088fa0f141.jpg,4,Traffic Jam,train,testing
Final Dataset/training/Low/74bc12c0-964a-4b98-b0d6-fa6c33562432.jpg,1,Low,train,training
Final Dataset/training/Empty/5dba4cf2-47f3-4578-9598-338682ac272b.jpg,0,Empty,train,training
Final Dataset/training/Medium/86c4628d-2ba9-4eb0-822a-8e7a71ae69a5.jpg,2,Medium,train,training
Final Dataset/training/Empty/951517bf-30a9-4333-ae6a-cb925220ec75.jpg,0,Empty,train,training
Final Dataset/training/Low/85c8dfb6-216a-40d3-810c-31613befda5b.jpg,1,Low,train,training
Final Dataset/training/Empty/c3faf06b-dac1-4835-85d5-2edf45f128d2.jpg,0,Empty,train,training
Final Dataset/training/Medium/39123b9e-dbb7-4ee9-ac8a-8b186282f136.jpg,2,Medium,train,training
Final Dataset/training/Medium/f0f2b582-d4a1-47f0-97a4-a9c504fe73c6.jpg,2,Medium,train,training
Final Dataset/training/Medium/d0a71245-68df-4d26-98af-17c72d6fc6c3.jpg,2,Medium,train,training
Final Dataset/training/Medium/7784e412-44b5-480c-933a-ce2f2fdafabe.jpg,2,Medium,train,training
Final Dataset/training/Low/2fb29441-8f07-4180-8ee0-5277b9ede1cf.jpg,1,Low,train,training
Final Dataset/training/Low/382e328f-8e4e-4a0f-ab1d-89eadc936a3b.jpg,1,Low,train,training
Final Dataset/testing/Medium/1a4c8599-abda-44f1-8c96-050a66245e53.jpg,2,Medium,train,testing
Final Dataset/testing/High/3a95366a-3e68-43f5-8b9f-4fee25018b26.jpg,3,High,train,testing
Final Dataset/training/High/c1695297-a12b-4c1d-8910-923481a45dd8.jpg,3,High,train,training
Final Dataset/training/Empty/95ba5c2f-965a-4541-9a95-4ecc289fe774.jpg,0,Empty,train,training
Final Dataset/training/Medium/a6460a0a-70d3-4df7-b385-edd199691911.jpg,2,Medium,train,training
Final Dataset/training/Low/e8e53207-907e-4df5-b50e-f387a649aee7.jpg,1,Low,train,training
Final Dataset/training/Empty/6bccda31-596e-4b0a-b9dd-b0fd1faaada6.jpg,0,Empty,train,training
Final Dataset/training/Low/8aac25e5-22b4-4238-81a5-e70c4080a3e9.jpg,1,Low,train,training
Final Dataset/training/Low/ceb03cf5-c269-4680-8e5d-a73af36d0f2b.jpg,1,Low,train,training
Final Dataset/training/Low/3b7e3b4a-bdf8-448e-bafc-ae2d9fcfb7d0.jpg,1,Low,train,training
Final Dataset/training/Low/40993458-e0a3-45ff-a884-cfe359d5236b.jpg,1,Low,train,training
Final Dataset/training/Medium/0091cd9f-9709-4d52-ab64-657773881d0d.jpg,2,Medium,train,training
Final Dataset/validation/Empty/0a760bda-19e5-4203-bbca-e82cc303f04f.jpg,0,Empty,train,validation
Final Dataset/testing/Empty/2e5518ac-42a7-4423-8c77-d0dc397ddd4c.jpg,0,Empty,train,testing
Final Dataset/validation/Medium/8a579825-4d2c-4f1d-bb73-768223822121.jpg,2,Medium,train,validation
Final Dataset/training/Traffic Jam/images7.jpg,4,Traffic Jam,train,training
Final Dataset/training/Empty/569aed66-4689-4bac-9d8e-daf26a6c1661.jpg,0,Empty,train,training
Final Dataset/training/Medium/42704fba-2722-40b7-88fb-9b9db743512f.jpg,2,Medium,train,training
Final Dataset/training/Low/4a1496da-c3ce-42c6-8ce0-e44cde38eda7.jpg,1,Low,train,training
Final Dataset/training/Medium/43f0c9d0-926b-453c-a66c-0ba504faf0ea.jpg,2,Medium,train,training
Final Dataset/training/Empty/b2838ffa-53bd-4e2e-931a-ad2cd0a6e8a4.jpg,0,Empty,train,training
Final Dataset/training/Low/c46719ba-108b-4e7a-b624-1e0a22822214.jpg,1,Low,train,training
Final Dataset/training/High/dea744dd-d67a-4c35-b248-7d19d558b96e.jpg,3,High,train,training
Final Dataset/training/Medium/fae16b52-9648-49f4-800d-cd25ea0439b6.jpg,2,Medium,train,training
Final Dataset/training/Traffic Jam/b047d838-33b3-4255-8b72-ef2deb3acfd8.jpg,4,Traffic Jam,train,training
Final Dataset/training/Low/4b11e77e-da0a-4056-812f-33c36245fa7c.jpg,1,Low,train,training
Final Dataset/training/Empty/88b48f7e-ef73-404a-b0ac-3473def94968.jpg,0,Empty,train,training
Final Dataset/training/Low/54bc0764-29be-44f2-8e9f-6b3792b4856c.jpg,1,Low,train,training
Final Dataset/training/Empty/8d054c7d-0298-4e19-b9f6-8dc02cb99ed2.jpg,0,Empty,train,training
Final Dataset/training/Low/60fd9589-9b21-4fe7-be4d-54e19fe16fa3.jpg,1,Low,train,training
Final Dataset/testing/Traffic Jam/3F12BCA8-1CC1-4726-AF44-3F117A542B9F_cx0_cy9_cw0_w1200_r1.jpg,4,Traffic Jam,train,testing
Final Dataset/training/Empty/27e70fe9-7ba0-4cd3-bb48-7f622ee0527b.jpg,0,Empty,train,training
Final Dataset/training/Empty/56711c2c-3cb3-46a2-b1f0-704f1fcd1eae.jpg,0,Empty,train,training
Final Dataset/training/Medium/817c50d0-406b-49db-a896-d1bc823db460.jpg,2,Medium,train,training
Final Dataset/testing/Traffic Jam/images123.jpg,4,Traffic Jam,train,testing
Final Dataset/training/Low/44a9e696-3d0b-41c7-863d-ca96a3d46fad.jpg,1,Low,train,training
Final Dataset/training/Low/a912758a-ac84-4ac8-bc85-f6dbab110906.jpg,1,Low,train,training
Final Dataset/training/Traffic Jam/images40.jpg,4,Traffic Jam,train,training
Final Dataset/training/Low/6ee7989e-3d42-4bf0-b421-0b3f0feb49d4.jpg,1,Low,train,training
Final Dataset/training/Low/12e44100-8bc2-4917-ba1f-094edb483fab.jpg,1,Low,train,training
Final Dataset/training/Empty/b88df76d-0ace-4607-bd79-62642d0814e5.jpg,0,Empty,train,training
Final Dataset/training/Medium/68b71db3-8488-4974-be49-8c5675cba5cf.jpg,2,Medium,train,training
Final Dataset/training/Low/2dd507a8-0d94-47c7-a9a0-23599b5664b5.jpg,1,Low,train,training
Final Dataset/training/Empty/f7c10970-590a-4d28-b6dd-419be5575fb5.jpg,0,Empty,train,training
Final Dataset/training/Empty/270db8f3-eac2-4a19-a966-9501656654d8.jpg,0,Empty,train,training
Final Dataset/training/Empty/14f23f4b-23bc-4464-a0a4-31b43eef8da4.jpg,0,Empty,train,training
Final Dataset/training/Empty/005c5c56-aca7-4f3b-88d7-f0c0b99bc1a7 (1).jpg,0,Empty,train,training
Final Dataset/training/Medium/d4517a13-3df5-418c-b15a-43628af92ee1.jpg,2,Medium,train,training
Final Dataset/training/Low/29c99a2a-5e24-4b4a-b5f6-d57855968d31.jpg,1,Low,train,training
Final Dataset/training/Low/56b19c87-f292-4f61-bb3a-74b3fd21685d.jpg,1,Low,train,training
Final Dataset/training/Empty/d063204c-2453-43cd-a3a8-6f131b687878.jpg,0,Empty,train,training
Final Dataset/validation/Low/8d127693-dbeb-4aec-a656-d381820d1cc9.jpg,1,Low,train,validation
Final Dataset/training/Empty/e41fcd24-a33d-47e7-955e-2c81f56f576a.jpg,0,Empty,train,training
Final Dataset/training/Empty/c6fce782-fe9b-4522-bb55-96f8d298cf2a.jpg,0,Empty,train,training
Final Dataset/training/Empty/98542251-b7f4-455d-8554-7d15d478c94d.jpg,0,Empty,train,training
Final Dataset/training/Empty/5516ff8e-c7cf-4501-bcfe-5b256eb13ec3.jpg,0,Empty,train,training
Final Dataset/training/Empty/50fd6afa-4f37-40a3-92b0-8a105d2413e5.jpg,0,Empty,train,training
Final Dataset/training/High/8a0e3c16-de94-4be1-8819-a3dfa282d9c0.jpg,3,High,train,training
Final Dataset/training/Traffic Jam/eb4cdf9b-410c-4e5a-bd94-f785d338e8a5.jpg,4,Traffic Jam,train,training
Final Dataset/training/Medium/14d984a5-ee8e-4bb0-9487-c970cfc7f881.jpg,2,Medium,train,training
Final Dataset/training/High/c1862c55-a989-4599-a2f2-7b3adce7de3a.jpg,3,High,train,training
Final Dataset/training/Traffic Jam/a260cd1d-9882-4214-a877-28f91341c9c1.jpg,4,Traffic Jam,train,training
Final Dataset/training/Low/ae2c569c-2d33-44c7-b5f1-bb1dec1ce2b6.jpg,1,Low,train,training
Final Dataset/training/Low/fc3f5311-d6e0-41a2-b6b0-76631f56a10e.jpg,1,Low,train,training
Final Dataset/training/Low/54a93db1-1da9-4481-837e-c577b57b3aa1.jpg,1,Low,train,training
Final Dataset/training/High/eb968668-1b50-404b-847e-58e14b1ed444.jpg,3,High,train,training
Final Dataset/training/Empty/af936211-0229-4ff5-9351-e2b1e8879169.jpg,0,Empty,train,training
Final Dataset/training/Medium/4dcf09e3-aed0-4905-8a79-f17b5dc0f375.jpg,2,Medium,train,training
Final Dataset/training/Traffic Jam/getty_523821065_98040.jpg,4,Traffic Jam,train,training
Final Dataset/training/Empty/466a84c5-8cf0-4c43-8c3b-7baa26cfbf6e.jpg,0,Empty,train,training
Final Dataset/training/Low/e93c9999-1f34-4045-9d1d-d642dd886580.jpg,1,Low,train,training
Final Dataset/training/Empty/d71ca443-93b8-4bc3-ab9c-038b919dc1a2.jpg,0,Empty,train,training
Final Dataset/training/Empty/d106acd9-2aa0-457c-a80a-6a03172d943e.jpg,0,Empty,train,training
Final Dataset/training/Empty/be215dde-c544-4295-bc7c-61cd1453f2aa.jpg,0,Empty,train,training
Final Dataset/validation/Empty/2f9de76e-65f7-431f-a90c-781475c071d3(1).jpg,0,Empty,train,validation
Final Dataset/training/Empty/409ee774-5e49-425b-87b1-8c320e2ea26d.jpg,0,Empty,train,training
Final Dataset/training/Medium/e806cdb6-2c5f-4235-a90b-0d54271bb0c8.jpg,2,Medium,train,training
Final Dataset/training/High/60aaf2b0-dc77-45a6-999c-c527cae0000a.jpg,3,High,train,training
Final Dataset/training/Empty/10f2445e-8763-4b99-a0f2-e8f521dbf450.jpg,0,Empty,train,training
Final Dataset/training/Empty/cc2df46d-d031-4f30-a51e-8ed8ae48557e.jpg,0,Empty,train,training
Final Dataset/training/Empty/d32235f8-f252-4ca2-9301-399b0f42f466.jpg,0,Empty,train,training
Final Dataset/training/High/e20fe4ce-bece-483b-99c1-58bb41bdca57.jpg,3,High,train,training
Final Dataset/training/Low/89a8df84-9711-4c48-bd94-2b8ec3a63c15.jpg,1,Low,train,training
Final Dataset/testing/High/9a45aa5c-a09a-4b42-b9d6-26051bd9643c.jpg,3,High,train,testing
Final Dataset/training/Empty/81a4f2fa-5e5d-495f-94f0-83c55c25a93b.jpg,0,Empty,train,training
Final Dataset/training/Medium/72d0025f-dcb3-4ae7-97ce-e16ca8545312.jpg,2,Medium,train,training
Final Dataset/training/Low/179b4efa-9c9e-4b8a-900a-164b2d1bb703.jpg,1,Low,train,training
Final Dataset/training/Low/8a334afb-1c43-4a45-b0ce-246bb351be3d.jpg,1,Low,train,training
Final Dataset/training/Low/d5f8f896-6bba-4eaf-af47-f34d3d51d7fa.jpg,1,Low,train,training
Final Dataset/training/Medium/55ec77f2-cdbd-4061-b3ab-7fa29ebf6db4.jpg,2,Medium,train,training
Final Dataset/training/High/4ed0476c-5c64-454e-8ed4-b0a05c04c4bd.jpg,3,High,train,training
Final Dataset/training/Low/60a58a6c-b9a8-4e44-b58f-3bf9d8ab61ee.jpg,1,Low,train,training
Final Dataset/validation/Low/6ca0ac4b-ff33-40a9-9454-5b8173249bb3.jpg,1,Low,train,validation
Final Dataset/training/High/05d3e120-850c-446c-b8a1-91f2ad8af267.jpg,3,High,train,training
Final Dataset/training/Medium/41b96045-c675-4525-8acf-f227c65b1039 (1).jpg,2,Medium,train,training
Final Dataset/validation/Traffic Jam/b77dd3ec-3516-4863-aa12-ce68f3d7c7af.jpg,4,Traffic Jam,train,validation
Final Dataset/training/Low/759d5e11-1052-4271-b255-cb393c305f7d.jpg,1,Low,train,training
Final Dataset/training/High/4ce2d906-49ac-4d0d-bba8-ce2d86293bf0.jpg,3,High,train,training
Final Dataset/training/Empty/f384747d-c0e5-471b-94da-053a050e5c69.jpg,0,Empty,train,training
Final Dataset/training/Empty/d3bf9986-bf2d-4291-9819-5a3ba6a7a697.jpg,0,Empty,train,training
Final Dataset/training/Medium/82a6ced5-eed7-4b6e-b7dc-f0761b5e9118.jpg,2,Medium,train,training
Final Dataset/training/Low/9c09eab0-802b-491e-9fcb-c6c4da156490.jpg,1,Low,train,training
Final Dataset/training/Medium/9ac6cbb4-57a9-4c4a-9a29-52a2ce758106.jpg,2,Medium,train,training
Final Dataset/training/Low/33dccf54-2b01-4f32-82ac-2455c475d982.jpg,1,Low,train,training
Final Dataset/training/Medium/b77fa6d3-d475-451f-9437-0ed51a56dd67.jpg,2,Medium,train,training
Final Dataset/validation/High/4c8f1d5b-50b3-4429-abdf-2d518552f473.jpg,3,High,train,validation
Final Dataset/testing/Traffic Jam/4482585a-02b0-4d14-b8ea-d23e13e41a21.jpg,4,Traffic Jam,train,testing
Final Dataset/testing/Traffic Jam/7537f80a-8a4b-4b7c-a369-e19f61957391.jpg,4,Traffic Jam,train,testing
Final Dataset/training/Low/c1921d05-e071-4828-8065-f2a16f3eb9f6.jpg,1,Low,train,training
Final Dataset/validation/Empty/6c2f4fe8-947a-4d11-9217-445729558de5.jpg,0,Empty,train,validation
Final Dataset/training/Low/fa042a77-509f-497a-93fc-977a02efde2e.jpg,1,Low,train,training
Final Dataset/training/Empty/06669e06-edc6-49bb-b30e-c7ac66cba07b.jpg,0,Empty,train,training
Final Dataset/training/Low/cf22a5d8-ecb6-4379-8b7a-e1e7942dc207.jpg,1,Low,train,training
Final Dataset/training/Medium/a1e1f615-9b9c-44b8-9db0-b3ee1e04b0c7.jpg,2,Medium,train,training
Final Dataset/validation/Low/2bd8bf0c-afc8-4f1a-b862-e505cce2550d.jpg,1,Low,train,validation
Final Dataset/training/Traffic Jam/42c46b6d-a88a-4c5b-867d-aadacccdf21f.jpg,4,Traffic Jam,train,training
Final Dataset/training/Empty/39b9335c-e6ea-4b5d-88b6-45370c6fed9f.jpg,0,Empty,train,training
Final Dataset/training/Empty/8310edd9-9b26-4e9f-b196-3a6910ea9d70.jpg,0,Empty,train,training
Final Dataset/training/Low/07ff0aa8-8db0-4f89-91e5-4d2a61b05630.jpg,1,Low,train,training
Final Dataset/training/High/2477742f-051e-4447-9c23-a80f91c3bf92.jpg,3,High,train,training
Final Dataset/testing/Traffic Jam/13f4e29a-be40-427e-9641-a172da48be0c.jpg,4,Traffic Jam,train,testing
Final Dataset/training/High/6c1ecfc7-ac63-43c8-a030-7d9ac9adc17f.jpg,3,High,train,training
Final Dataset/validation/Medium/9aa3bb5a-26e9-40e8-943e-81abbcd50ca3.jpg,2,Medium,train,validation
Final Dataset/training/Low/e06c93bd-ab3f-4ab7-98e2-ff0c96fc764f.jpg,1,Low,train,training
Final Dataset/training/Low/595a4cbb-7432-4c6c-bc7e-185a1b36ca96.jpg,1,Low,train,training
Final Dataset/training/Low/25ba7bb1-890e-4cfb-9337-e6dc8dac3250.jpg,1,Low,train,training
Final Dataset/training/Low/30046b3c-ab7c-404b-8c7d-51f2618eb4a1.jpg,1,Low,train,training
Final Dataset/training/Low/d5a0955c-59d1-43d4-9590-d4b38b120131.jpg,1,Low,train,training
Final Dataset/training/Medium/38f5da24-8276-4161-918d-409be52cd236.jpg,2,Medium,train,training
Final Dataset/training/High/96b1be17-aacd-427e-a8d7-9753802b3256.jpg,3,High,train,training
Final Dataset/testing/Medium/e3f9e006-57b5-4491-8a5f-ea5c8b3ca17e.jpg,2,Medium,train,testing
Final Dataset/training/Empty/13344259-0e40-4b45-b899-49738c30d441.jpg,0,Empty,train,training
Final Dataset/training/Empty/089b140c-e11b-43d3-a9a2-f62b7024e454.jpg,0,Empty,train,training
Final Dataset/training/Empty/e4d7df7f-c468-48ef-809e-cc0dd7cc32e8.jpg,0,Empty,train,training
Final Dataset/training/High/c06d7b1d-f909-42b7-9710-1cd8abaa0ec3.jpg,3,High,train,training
Final Dataset/training/Low/c2d09cc3-576d-4dfb-a686-5981eda253b7.jpg,1,Low,train,training
Final Dataset/training/Traffic Jam/7b17b2f5-22c3-4bef-9240-83cb722b5014.jpg,4,Traffic Jam,train,training
Final Dataset/training/Medium/698540c3-88e7-423f-8237-dcd663c0bbc7.jpg,2,Medium,train,training
Final Dataset/training/Empty/fab1cef9-5553-49fb-9bcd-52ec8e39676b.jpg,0,Empty,train,training
Final Dataset/training/Traffic Jam/dc410535-ac6b-45e4-9425-6b0b57c67837.jpg,4,Traffic Jam,train,training
Final Dataset/training/Empty/12887b75-ddbd-4a25-886d-ea8a6fc4dc18.jpg,0,Empty,train,training
Final Dataset/training/Medium/80faa8cf-b2aa-4dcf-be3e-d36f03148a46.jpg,2,Medium,train,training
Final Dataset/validation/Empty/1c1a1257-1193-4d6a-acd8-308e5ad072cd.jpg,0,Empty,train,validation
Final Dataset/training/Low/87e3b60a-7656-4673-8760-54decb7f2827.jpg,1,Low,train,training
Final Dataset/training/Low/348218e0-843a-4c13-948d-4b248612ac25.jpg,1,Low,train,training
Final Dataset/training/Empty/e0d83490-dfe6-44f5-8f33-34be94a6a02a.jpg,0,Empty,train,training
Final Dataset/training/High/4e62f338-8ad8-4c75-abf5-28a92a614371.jpg,3,High,train,training
Final Dataset/training/Low/55a41707-15e6-4a31-9fbf-c15d6de9b9b4.jpg,1,Low,train,training
Final Dataset/training/Empty/2c514490-0d69-4ff8-b58d-845271171b7b.jpg,0,Empty,train,training
Final Dataset/training/High/71e7dd0d-8359-468f-bb9e-68dad8c7d940.jpg,3,High,train,training
Final Dataset/training/High/306e5b52-ef45-4297-8b15-88ab5515b2b0.jpg,3,High,train,training
Final Dataset/validation/Low/71ce1e0e-7477-49c2-8b6c-559c0d7bb423.jpg,1,Low,train,validation
Final Dataset/training/Low/d3558d32-04c7-4163-b4a5-2d5f2903fa90.jpg,1,Low,train,training
Final Dataset/testing/Empty/4c052016-fcf2-44c3-a734-44eb7e833871.jpg,0,Empty,train,testing
Final Dataset/training/Empty/977165d1-a976-4e44-ae7d-4ab0a7286edb.jpg,0,Empty,train,training
Final Dataset/training/Medium/4c53bc7f-e5d5-4006-8a74-3f2df6ab8a63.jpg,2,Medium,train,training
Final Dataset/training/Medium/c9a03255-a298-4925-a3a0-4b06292a31d8.jpg,2,Medium,train,training
Final Dataset/testing/Low/1c4c9e7c-2af5-42d2-b0b7-2716020fc69e.jpg,1,Low,train,testing
Final Dataset/training/High/83eec080-64a7-4f83-8f26-734623aeeda6.jpg,3,High,train,training
Final Dataset/training/High/b1c97fe0-b0e4-480d-a51f-f9d86fcb985e.jpg,3,High,train,training
Final Dataset/training/High/c13c2110-c295-403b-b004-0b591a27f138.jpg,3,High,train,training
Final Dataset/training/Empty/74964cbd-3320-46f3-9659-3dbaed2400ba.jpg,0,Empty,train,training
Final Dataset/training/High/ba95afd6-47c1-45d5-b84b-9b774298ee8d.jpg,3,High,train,training
Final Dataset/validation/Low/6c742cec-a10b-4a33-906e-738e18b93c34.jpg,1,Low,train,validation
Final Dataset/training/Medium/98ed277b-cc22-40b8-87e4-405dc7d810ad.jpg,2,Medium,train,training
Final Dataset/training/Low/3aeed7d4-b0a7-4773-a033-b3366b58561a.jpg,1,Low,train,training
Final Dataset/training/High/4e7b5d5c-e120-4afa-b2d3-7fcacf0252cc.jpg,3,High,train,training
Final Dataset/training/Low/58e47ea1-278b-43f6-a1f9-31f2be0c8681.jpg,1,Low,train,training
Final Dataset/training/Low/1e702292-714e-47e9-bc27-f3b32b6f7841.jpg,1,Low,train,training
Final Dataset/training/Low/bef311f4-2915-446a-b057-d8e392a55dd7.jpg,1,Low,train,training
Final Dataset/training/Medium/f8efeb5d-f329-4ad8-be74-af1da45de38e.jpg,2,Medium,train,training
Final Dataset/training/Medium/d3dd0d23-1e70-46c8-8afc-bcd32ab5335b.jpg,2,Medium,train,training
Final Dataset/validation/High/7f4722f9-216b-48bc-ac77-9e1694dafc26.jpg,3,High,train,validation
Final Dataset/testing/Empty/1a175638-817f-47e7-b025-66713b802561.jpg,0,Empty,train,testing
Final Dataset/training/Low/9faa33ca-fe1e-4b8a-b6d1-f014d5ec45d0.jpg,1,Low,train,training
Final Dataset/training/Traffic Jam/ba6fe670-3ec6-49fb-bcb6-259180707c5f.jpg,4,Traffic Jam,train,training
Final Dataset/training/Empty/9cc75b7e-39cf-4218-a53c-d74ca05db959.jpg,0,Empty,train,training
Final Dataset/training/Empty/d9c54c11-aaff-430d-b432-5fd2b964f603.jpg,0,Empty,train,training
Final Dataset/validation/Empty/0d3ca13a-4531-4eb8-8f89-bd0ce33feea9.jpg,0,Empty,train,validation
Final Dataset/testing/Medium/8c607c37-b26f-461f-994b-f4b290b386eb.jpg,2,Medium,train,testing
Final Dataset/testing/Medium/6b8a73ec-74c5-41d0-bf99-6a7bba06e44d.jpg,2,Medium,train,testing
Final Dataset/training/Medium/d65e21fa-8c16-46cc-b485-199ccddf40d6.jpg,2,Medium,train,training
Final Dataset/training/Medium/e3a74bb3-c5a7-4984-8e32-48d19ac185ed.jpg,2,Medium,train,training
Final Dataset/testing/Traffic Jam/55cd2fdb-bb71-4979-a5c7-85b0d7c02e9a.jpg,4,Traffic Jam,train,testing
Final Dataset/training/High/209356cb-dfc5-434c-b22a-d7c344f76964.jpg,3,High,train,training
Final Dataset/training/Empty/062d451d-c4e7-4fbf-b0db-58d384ea2cd2.jpg,0,Empty,train,training
Final Dataset/training/Low/ee2961a8-0207-40d6-a7da-dc57782754a5.jpg,1,Low,train,training
Final Dataset/testing/Low/4c37ef37-648e-4185-a728-d96a3fccc4db.jpg,1,Low,train,testing
Final Dataset/training/High/34fa3057-173a-492a-84e2-a00624439105.jpg,3,High,train,training
Final Dataset/training/Empty/b2087874-3462-4765-adc9-e3263a810cb3.jpg,0,Empty,train,training
Final Dataset/training/Empty/be8e6ff0-ac15-4058-a8c2-229458302c56.jpg,0,Empty,train,training
Final Dataset/testing/High/74f0431c-6463-4da6-8e11-2a5ba3ca2d7d.jpg,3,High,train,testing
Final Dataset/training/Empty/ed4c8a33-cde1-4bce-a955-1ae9049a4389.jpg,0,Empty,train,training
Final Dataset/training/High/33d600f6-47e0-4019-a453-bbbdccb4b7a3.jpg,3,High,train,training
Final Dataset/training/High/93af5bb9-6c1f-4738-b593-28124aae72ca.jpg,3,High,train,training
Final Dataset/testing/Empty/0d6fe72e-2e53-400a-9460-b83f8ef2e87d.jpg,0,Empty,train,testing
Final Dataset/training/Empty/5c5959df-6b4b-4ed3-881e-5e605f4a82c7.jpg,0,Empty,train,training
Final Dataset/validation/High/2b44f6c4-561b-4c05-9a30-28b010b07cc0.jpg,3,High,train,validation
Final Dataset/training/Medium/99f1475a-f4da-42a8-8438-2d2d3604275a.jpg,2,Medium,train,training
Final Dataset/training/Empty/e7cae381-be7a-4e50-a55e-23181ff7c600.jpg,0,Empty,train,training
Final Dataset/training/Empty/48b02d3a-8d29-4c00-bf2b-82408f8b4cfd.jpg,0,Empty,train,training
Final Dataset/training/Medium/034bb57f-0269-43a7-ae91-919ca40b9e2a.jpg,2,Medium,train,training
Final Dataset/training/Traffic Jam/images1.jpg,4,Traffic Jam,train,training
Final Dataset/training/Empty/fa5a7243-4e24-4f29-8ce6-edd22c8348f5.jpg,0,Empty,train,training
Final Dataset/training/High/136940ee-0eee-4347-bfd5-50af4f2764a4.jpg,3,High,train,training
Final Dataset/training/Low/07016814-44e8-4cd9-b0d9-d2d7eacf3710.jpg,1,Low,train,training
Final Dataset/training/Low/35af7861-fd74-49af-bc49-ed19e465a2bb.jpg,1,Low,train,training
Final Dataset/validation/Empty/1ce9d25d-a6cf-41d9-842f-4a937756f490.jpg,0,Empty,train,validation
Final Dataset/testing/Traffic Jam/74f0912a-f328-4fc7-a13b-b7d36ed062e6.jpg,4,Traffic Jam,train,testing
Final Dataset/training/Empty/46e9f41b-3b01-4ed2-8222-245f9e25150c.jpg,0,Empty,train,training
Final Dataset/training/Empty/31e930b2-596e-47e5-b33c-4eb46ada89fa.jpg,0,Empty,train,training
Final Dataset/training/Low/fb482b49-8743-42ea-ac69-e1f583bb47e3.jpg,1,Low,train,training
Final Dataset/training/Empty/7c932984-9812-4953-aebe-988e5292f583.jpg,0,Empty,train,training
Final Dataset/training/Medium/38d064a2-cc0e-4442-8bcf-85837c991780.jpg,2,Medium,train,training
Final Dataset/training/Empty/b015d299-03d6-473e-89fd-ecdf1dfaf0d6.jpg,0,Empty,train,training
Final Dataset/training/Medium/a1907d46-c136-4180-b883-6a87f34dbf74.jpg,2,Medium,train,training
Final Dataset/training/Empty/04c6cde9-59cc-4903-a1fd-4afa0e5ecdfe.jpg,0,Empty,train,training
Final Dataset/training/Medium/c9feb382-705c-4f9c-a37c-6e82242a1285.jpg,2,Medium,train,training
Final Dataset/training/Medium/a44dbe80-64ee-4ca6-b538-105812aea4d4.jpg,2,Medium,train,training
Final Dataset/training/Low/048000ed-e811-4aa2-a105-8e935d614bcd.jpg,1,Low,train,training
Final Dataset/training/Low/351fb4e9-4ddf-4b17-b83d-2aeb987c3707.jpg,1,Low,train,training
Final Dataset/training/Empty/019fe7d3-eda5-413e-9cf5-a1c3290339a8.jpg,0,Empty,train,training
Final Dataset/training/Empty/f43de572-b4bd-48f7-9b5b-a34d41917fab.jpg,0,Empty,train,training
Final Dataset/training/Empty/a2d54384-98ef-42fe-b17e-9c9d09039080.jpg,0,Empty,train,training
Final Dataset/training/Empty/4eaeff04-c968-4c55-822d-160d40d7d81f.jpg,0,Empty,train,training
Final Dataset/training/Low/8d7547ba-3fcc-48ff-95b8-49bab9c95916.jpg,1,Low,train,training
Final Dataset/training/Medium/93f48821-d139-4a3d-9067-4f22b9e38d80.jpg,2,Medium,train,training
Final Dataset/training/Low/830c4365-4cdc-49a3-9b1e-5afb161569d5.jpg,1,Low,train,training
Final Dataset/training/Medium/9fd96da9-1406-4479-b2f1-8509c370f8ea.jpg,2,Medium,train,training
Final Dataset/training/Empty/d982c9c8-3960-4ed3-bb8b-932157ed8f81.jpg,0,Empty,train,training
Final Dataset/training/Medium/1ed8c7f3-7a82-4c20-bdda-99fe946ed850.jpg,2,Medium,train,training
Final Dataset/training/Low/9dd3ba9c-3b3b-4071-a7ea-509f788b6551.jpg,1,Low,train,training
Final Dataset/training/Low/26be9e9e-a058-4cd8-ad3b-6001518b6045.jpg,1,Low,train,training
Final Dataset/training/Low/cc9613f8-045d-4029-8ffc-70f6afb09716.jpg,1,Low,train,training
Final Dataset/training/High/b0de66d8-ff58-4557-baaf-e3344aaaa3ca.jpg,3,High,train,training
Final Dataset/training/Empty/12200425-6b0c-40a6-a498-e7e5011ec556.jpg,0,Empty,train,training
Final Dataset/training/Low/6540f1f2-720c-46a0-bf62-ed4f9aa0fe47.jpg,1,Low,train,training
Final Dataset/training/Empty/7c3bbc9c-7dee-45d4-a30e-0d9614e7b509.jpg,0,Empty,train,training
Final Dataset/training/Low/bcd664c6-6a6b-4a13-8712-52e8a6f7b2ce.jpg,1,Low,train,training
Final Dataset/training/Medium/78aa8089-04f0-41d4-babc-088238dc1144.jpg,2,Medium,train,training
Final Dataset/training/Empty/93f02413-0252-4350-98b3-4ffa38b2b75b.jpg,0,Empty,train,training
Final Dataset/training/Medium/64495565-18aa-45e0-9c8f-ea584c8da548.jpg,2,Medium,train,training
Final Dataset/training/Medium/515a25ff-1ecb-457a-97f4-62ff8e618ccd.jpg,2,Medium,train,training
Final Dataset/training/Empty/df044edb-f613-4518-8aed-9dc464c90840.jpg,0,Empty,train,training
Final Dataset/training/Empty/68d8c9f0-807c-482b-bf04-88075e98ac5d.jpg,0,Empty,train,training
Final Dataset/training/High/05f58c17-d8bd-42b8-8169-52c6eb11903a.jpg,3,High,train,training
Final Dataset/training/Empty/70df9b55-85e4-4718-a1a2-582c46a7b7a3.jpg,0,Empty,train,training
Final Dataset/training/Low/7c02c83d-351b-430a-8936-4d38b6c10535.jpg,1,Low,train,training
Final Dataset/training/High/37972281-c49d-467e-a0bc-424f7ba80be3.jpg,3,High,train,training
Final Dataset/training/Low/c956e256-2e4c-4bb1-9a01-cbb1cd49475d.jpg,1,Low,train,training
Final Dataset/training/Medium/d647701b-2b55-4abb-8245-26fbecef513f.jpg,2,Medium,train,training
Final Dataset/training/Medium/7ebea3fe-9a03-4b0f-b47e-f8a1f6917bf2.jpg,2,Medium,train,training
Final Dataset/training/Empty/5eee4aca-e15b-4d8f-802e-e38ef0ceb8c4.jpg,0,Empty,train,training
Final Dataset/training/Low/9f38144e-3e93-4cff-8307-b9f60143d24d.jpg,1,Low,train,training
Final Dataset/training/Low/583eaaea-4b06-42a1-813d-ec0bc0449ecc.jpg,1,Low,train,training
Final Dataset/validation/Low/6f6b9c73-1c10-44c9-9ea4-357f7500a75e.jpg,1,Low,train,validation
Final Dataset/training/Medium/981ed73b-4496-43a6-88c7-0fc17ea05516.jpg,2,Medium,train,training
Final Dataset/training/Empty/fa37c82d-258c-4fb2-b522-a2793ef4da34.jpg,0,Empty,train,training
Final Dataset/training/Empty/5ff40c0d-92ef-4ca3-a489-6466d01462a6.jpg,0,Empty,train,training
Final Dataset/training/Medium/2c4bdd71-519b-4c3c-8224-9c47fe9778d5.jpg,2,Medium,train,training
Final Dataset/training/Low/fe0226d2-a589-466d-b80a-b7e8f61cd93d.jpg,1,Low,train,training
Final Dataset/training/High/c7fee167-aa3b-40d6-829b-7f7aae4960ef.jpg,3,High,train,training
Final Dataset/training/Low/c262d4a8-0ddb-473b-a0d0-dfb2d9089834.jpg,1,Low,train,training
Final Dataset/testing/High/810e3aba-47e2-464c-ad89-223e24308a19.jpg,3,High,train,testing
Final Dataset/training/High/bca46c53-69a0-4b7a-bac3-896a9d1369c2.jpg,3,High,train,training
Final Dataset/training/High/6cdc1519-bac7-497d-81f0-596cb355e0fc.jpg,3,High,train,training
Final Dataset/training/Medium/ab83d7bc-49aa-4ad8-96ab-bc6ce6bb03ee.jpg,2,Medium,train,training
Final Dataset/training/Low/9aa45be2-b7db-4a35-8845-d2e4b0de6dd7.jpg,1,Low,train,training
Final Dataset/training/Empty/8c56ba5a-8ea3-4c82-a3be-0b049a2e6a89.jpg,0,Empty,train,training
Final Dataset/training/Empty/60142f71-872c-473f-8b35-935060e4cc12.jpg,0,Empty,train,training
Final Dataset/training/High/c9397566-a179-4f5a-b75a-a9f3fc546c83.jpg,3,High,train,training
Final Dataset/training/Medium/c3f4404d-5573-4484-99d3-2336a2687b5e.jpg,2,Medium,train,training
Final Dataset/training/Empty/3747913a-7463-4d3a-8927-50cb314ce064.jpg,0,Empty,train,training
Final Dataset/training/Low/f92f59e5-7e0f-45a1-b6e6-914914a1d461.jpg,1,Low,train,training
Final Dataset/training/Low/8a6155ea-34d0-4580-99ee-d92431b3efcd.jpg,1,Low,train,training
Final Dataset/training/Medium/f67e8995-1e21-4656-81c4-4cfa7fcbc513.jpg,2,Medium,train,training
Final Dataset/training/Low/e99c16a4-2fc0-4506-bf89-8b92b98cd1ec.jpg,1,Low,train,training
Final Dataset/training/Empty/6f52bccb-c893-4b86-a587-1d99ad415679.jpg,0,Empty,train,training
Final Dataset/training/Low/9e65e509-3d07-4ad3-ba4c-408863a56aa1.jpg,1,Low,train,training
Final Dataset/testing/Medium/1c55bdc9-4d80-4441-8e4b-7292fd65f7e9.jpg,2,Medium,train,testing
Final Dataset/training/Low/940e0c6e-bee5-4fba-bb4c-a6c602d07973.jpg,1,Low,train,training
Final Dataset/training/Medium/fcff2371-0d56-435c-b6b8-8cc7a84080f0.jpg,2,Medium,train,training
Final Dataset/training/Empty/a0b775f3-ba9a-4f0e-8737-ff44c3e6d0a3.jpg,0,Empty,train,training
Final Dataset/training/Empty/642ee235-e76f-4822-8f24-e0cde5776eb2.jpg,0,Empty,train,training
Final Dataset/training/Traffic Jam/96718656-3d78-4603-9afe-db45e49d9f7e.jpg,4,Traffic Jam,train,training
Final Dataset/training/Empty/561e8d6d-4a68-4ddf-9c80-675d55ac5957.jpg,0,Empty,train,training
Final Dataset/testing/Empty/0ba3c8b2-04e2-401e-bb05-9f70e1740168.jpg,0,Empty,train,testing
Final Dataset/training/Empty/c7326c58-bcc7-4635-878c-01cfb05d4eb0.jpg,0,Empty,train,training
Final Dataset/training/Empty/9ef8811d-e518-4d84-ac27-83943c2958b2.jpg,0,Empty,train,training
Final Dataset/training/Low/3d50acfc-33ae-49d9-a167-b7be85abd7a6.jpg,1,Low,train,training
Final Dataset/training/Low/02e26c3a-ca4b-43f6-bef5-429b8dfcbd87.jpg,1,Low,train,training
Final Dataset/validation/Low/8e453ddd-a8df-4673-af80-d04e822fe2a0.jpg,1,Low,train,validation
Final Dataset/training/Empty/f68e69aa-9b34-45e2-aa2e-e339e8b7582e.jpg,0,Empty,train,training
Final Dataset/validation/Low/8f7dbd7f-264f-429d-83c4-051d83a5e7f4.jpg,1,Low,train,validation
Final Dataset/training/Medium/c875b486-137b-4a0e-8148-7c578ac7fdb0.jpg,2,Medium,train,training
Final Dataset/training/Empty/35ac6cb3-051a-45d6-926a-08c666ed0d32.jpg,0,Empty,train,training
Final Dataset/training/Empty/734e9602-d31b-4970-b02d-a7ca3b19ffcf.jpg,0,Empty,train,training
Final Dataset/training/Low/07da0621-3c3c-40b2-a365-b93ffa77dce7.jpg,1,Low,train,training
Final Dataset/training/High/a9977ad3-b64a-4e7a-be21-cb41483b06c6.jpg,3,High,train,training
Final Dataset/training/Medium/6a78b2c9-2e92-49a9-89bb-8eec322760c9.jpg,2,Medium,train,training
Final Dataset/training/Low/e3e40e18-39ed-48c8-8977-69205b91f428.jpg,1,Low,train,training
Final Dataset/training/High/b7266fc1-b8ec-408b-81e6-c0cb6dc03ab3.jpg,3,High,train,training
Final Dataset/training/Low/2680e033-92af-46c9-a069-c1f85006f1ea.jpg,1,Low,train,training
Final Dataset/training/Empty/b50d3f5f-ede3-4984-9de5-be5031c67215.jpg,0,Empty,train,training
Final Dataset/training/Low/941b349e-0fdc-4c3f-b695-39feb6e11b2a.jpg,1,Low,train,training
Final Dataset/testing/Low/24f9eda6-dc79-4625-9c25-30dfa4ca9ff4.jpg,1,Low,train,testing
Final Dataset/training/Empty/6a53d9be-e172-47c0-937c-f6f2b184abe3.jpg,0,Empty,train,training
Final Dataset/validation/Empty/1d8050d8-cccd-445e-95dc-cdcc735a1d1d.jpg,0,Empty,train,validation
Final Dataset/validation/Empty/0e3eaf9b-3443-4841-80b8-fe74c8cf86fd.jpg,0,Empty,train,validation
Final Dataset/training/Medium/f6460268-26f5-4513-b3a6-65da441b8bb5.jpg,2,Medium,train,training
Final Dataset/testing/Low/4c379497-ef10-425b-a4bb-cc56a44e24f6.jpg,1,Low,train,testing
Final Dataset/training/Empty/7736ef1b-fc3f-441c-8e84-b16755d42a2a.jpg,0,Empty,train,training
Final Dataset/testing/Low/1a0521f7-e262-4ae9-bfe0-a973f2db0125.jpg,1,Low,train,testing
Final Dataset/training/Empty/dc7e63e5-983e-4a88-8cba-ba900f700861.jpg,0,Empty,train,training
Final Dataset/training/Empty/f3dbaca8-ed09-4079-8ed8-1f12b694d0f3.jpg,0,Empty,train,training
Final Dataset/training/High/d0c55cfd-26fb-4fd9-9585-36ae88626a68.jpg,3,High,train,training
Final Dataset/training/Empty/7a946a3f-90b0-4f7a-a767-de8f98b4e718.jpg,0,Empty,train,training
Final Dataset/training/Empty/8c1c7bfa-f80b-4a2b-a303-f4629ea45862.jpg,0,Empty,train,training
Final Dataset/training/Medium/af183e3f-75f5-422c-a46a-27f039b1c5be.jpg,2,Medium,train,training
Final Dataset/training/Traffic Jam/images67.jpg,4,Traffic Jam,train,training
Final Dataset/training/Empty/192dddc5-1b11-4ec7-bb82-562c7df4d045.jpg,0,Empty,train,training
Final Dataset/training/Empty/c0affc29-9093-4096-8914-e13c0f0f55cd.jpg,0,Empty,train,training
Final Dataset/training/Medium/a636012a-0e7d-4e4a-b094-685ab323a11a.jpg,2,Medium,train,training
Final Dataset/training/Low/ab2900df-68c5-4758-a9d8-171a6f064994.jpg,1,Low,train,training
Final Dataset/training/Empty/e016a635-9446-472f-a4e6-ce6b3e9af90d.jpg,0,Empty,train,training
Final Dataset/validation/Empty/2ad43af7-44e5-4f7f-b8c7-efc4066bba45.jpg,0,Empty,train,validation
Final Dataset/training/Empty/74a66e21-3b07-4f08-b2e3-137707bb9904.jpg,0,Empty,train,training
Final Dataset/training/Low/f88df8fe-fb52-41f0-95df-ee7c27cb83ba.jpg,1,Low,train,training
Final Dataset/training/Empty/8c38148b-cee9-4714-8714-5730be4bbbec.jpg,0,Empty,train,training
Final Dataset/training/Empty/e0059223-3036-4c90-8dbe-5e306bd2751b.jpg,0,Empty,train,training
Final Dataset/training/Medium/961e0284-33f2-4d2e-9149-460c30abca06.jpg,2,Medium,train,training
Final Dataset/training/Empty/526aafd5-faa5-4a64-93f4-06cf6c220a47.jpg,0,Empty,train,training
Final Dataset/training/High/fe30dad9-6588-4afc-ae0a-d1f36e0976ff.jpg,3,High,train,training
Final Dataset/training/Low/6ebe0e76-f271-498e-889a-7b3dc412a565.jpg,1,Low,train,training
Final Dataset/training/Empty/df895abe-cbb5-4537-baf2-ff658b2702c0.jpg,0,Empty,train,training
Final Dataset/training/Medium/d86ff9cd-db2f-4f89-8a14-cb6551a02455.jpg,2,Medium,train,training
Final Dataset/training/Low/18fddd59-b709-49bc-ab71-9443456dcf14.jpg,1,Low,train,training
Final Dataset/training/Low/4ff0a478-eee0-44a9-a3ed-1fb4f5b9c924.jpg,1,Low,train,training
Final Dataset/training/High/496377e4-4656-4274-8bef-c043d8d23592.jpg,3,High,train,training
Final Dataset/training/Empty/e8ecdbaf-740b-416f-9a93-4dad729298dd.jpg,0,Empty,train,training
Final Dataset/training/Empty/8e34dbcc-e961-4acf-ac58-2b0ff5268792.jpg,0,Empty,train,training
Final Dataset/training/Traffic Jam/b259d6cb-34dd-4396-a359-39e70fe46d07.jpg,4,Traffic Jam,train,training
Final Dataset/training/Medium/c0e32bd9-a3cb-40c6-a6d2-2ac8566ebf70.jpg,2,Medium,train,training
Final Dataset/training/Medium/b21b63c4-73a3-4f76-a37f-fb208c3d4bca.jpg,2,Medium,train,training
Final Dataset/training/Empty/f5781639-d8da-40bb-a595-bfef6245680b.jpg,0,Empty,train,training
Final Dataset/testing/High/4a055ed7-2900-41e6-8760-8ce32dcba5ce.jpg,3,High,train,testing
Final Dataset/training/Low/a16168eb-df8b-4d9f-970e-6cbf87e3a988.jpg,1,Low,train,training
Final Dataset/training/Empty/da1f09de-6af6-464f-9243-e699c4c43a04.jpg,0,Empty,train,training
Final Dataset/training/Empty/babb453d-a91e-4ba0-a771-d7dd2fe13c73.jpg,0,Empty,train,training
Final Dataset/training/Low/4ab51a17-2e35-4cc4-bc97-7514c802cf84.jpg,1,Low,train,training
Final Dataset/training/High/dc9bfab3-a4fd-40f4-b76d-130f9c8ced60.jpg,3,High,train,training
Final Dataset/training/Medium/62bb468e-68eb-4ca7-82f7-88a1a6c9e3f8.jpg,2,Medium,train,training
Final Dataset/training/Empty/ec32bb8a-77e2-48bb-a559-fdcdea76fa65.jpg,0,Empty,train,training
Final Dataset/training/Low/754182e1-1f75-45c1-aac9-60b1d5542713.jpg,1,Low,train,training
Final Dataset/training/High/61393f60-d249-4f79-9a4a-d492332ca932.jpg,3,High,train,training
Final Dataset/training/High/0898e3b9-7ca0-4893-aa53-84614b149903.jpg,3,High,train,training
Final Dataset/training/Low/cfc79f4b-37e2-438e-b93a-5ffef9292bbe.jpg,1,Low,train,training
Final Dataset/training/Empty/5f2802e6-8571-48ac-b707-09547324b320.jpg,0,Empty,train,training
Final Dataset/training/Empty/49b097a7-8df6-4009-980c-049887598ac0.jpg,0,Empty,train,training
Final Dataset/training/Low/319bcd63-d555-4d93-884b-0be9915022ba.jpg,1,Low,train,training
Final Dataset/training/Traffic Jam/b9f915a3-5b15-4538-aea5-ca1d6cdf5391.jpg,4,Traffic Jam,train,training
Final Dataset/training/Empty/ecb2b5c6-37bf-4b18-bcef-32aec1f1c3d9.jpg,0,Empty,train,training
Final Dataset/validation/Empty/1f72b69c-871c-4873-8016-36c44205a229.jpg,0,Empty,train,validation
Final Dataset/testing/Medium/4ddb0e6c-366e-48b1-8901-9017257241b9.jpg,2,Medium,train,testing
Final Dataset/training/Empty/9b027eb9-5356-4978-83a3-92b11a66bc38.jpg,0,Empty,train,training
Final Dataset/training/Medium/408883ac-407e-4523-93f3-9ca476242a6a.jpg,2,Medium,train,training
Final Dataset/training/Empty/a45c350e-879a-402e-b709-ae2c0d4c74ab.jpg,0,Empty,train,training
Final Dataset/training/Empty/25d950e7-fb2d-499f-b84d-9a88769582c6.jpg,0,Empty,train,training
Final Dataset/validation/Empty/06d0b316-57ae-48e0-88d1-bf9a19b3fd8f.jpg,0,Empty,train,validation
Final Dataset/training/Low/58271562-e15d-4d4d-ab3b-8c63a98ead19.jpg,1,Low,train,training
Final Dataset/training/Empty/eaf69697-6888-4809-b73c-0c3ae112aa4e.jpg,0,Empty,train,training
Final Dataset/training/Low/33717fa0-aba7-433b-ac6f-6469c529f714.jpg,1,Low,train,training
Final Dataset/training/Low/a66a08a8-55b3-4d17-9699-d7ff5b694bbc.jpg,1,Low,train,training
Final Dataset/training/Empty/c454ce91-e762-4499-bf08-0e100cbcedb3.jpg,0,Empty,train,training
Final Dataset/training/Empty/9667cb59-c2dd-444b-bf75-9fbc4015f484.jpg,0,Empty,train,training
Final Dataset/training/Medium/ebc6c088-ad88-4123-8c99-6c48eafa8692.jpg,2,Medium,train,training
Final Dataset/training/High/a440d737-0ef8-42d7-ae72-261df50bb795.jpg,3,High,train,training
Final Dataset/training/Medium/099c627e-94da-45ab-9ea4-d36e2f3cbf58.jpg,2,Medium,train,training
Final Dataset/training/Empty/8572113e-afee-4edc-b922-5b921ac4ce42.jpg,0,Empty,train,training
Final Dataset/training/High/3cc007b2-c04a-4f8a-80e0-deec60565683.jpg,3,High,train,training
Final Dataset/training/Empty/edfec1b9-65c8-4670-af0b-102b367f89da.jpg,0,Empty,train,training
Final Dataset/training/Low/24dc9e1f-e93f-48bc-ada6-f22c3089f5bf.jpg,1,Low,train,training
Final Dataset/training/Empty/4088719c-f34f-41e0-8de6-950895df244e.jpg,0,Empty,train,training
Final Dataset/training/Empty/ddc116d4-d979-48d7-a4da-d1f04bc90291.jpg,0,Empty,train,training
Final Dataset/training/Empty/fc8d30cd-4522-49ec-85bf-164f91bc33ca.jpg,0,Empty,train,training
Final Dataset/training/Empty/47e6284c-2401-4bb1-98f2-8b2b07f098db.jpg,0,Empty,train,training
Final Dataset/validation/Empty/1b68e03c-f8bc-4177-b185-fa7666b22490.jpg,0,Empty,train,validation
Final Dataset/training/Medium/cb227603-6624-4c1d-96c0-42ff77bf81d1.jpg,2,Medium,train,training
Final Dataset/training/Medium/8a25380d-9f2e-4139-9844-f7802a61faa2.jpg,2,Medium,train,training
Final Dataset/training/Medium/b074b70d-a22e-43dc-a243-eee674248312.jpg,2,Medium,train,training
Final Dataset/training/Medium/70de041f-c7a8-445f-9794-3b43e638b900.jpg,2,Medium,train,training
Final Dataset/training/Low/0026e283-55f9-4aed-bd27-34a646bc8943.jpg,1,Low,train,training
Final Dataset/training/Empty/8e936893-4e75-45d1-8659-8e62ca1075c4.jpg,0,Empty,train,training
Final Dataset/training/Medium/97fc58e8-8631-4b14-bb1d-e09f2cad161e.jpg,2,Medium,train,training
Final Dataset/training/High/26e25600-b0cd-4226-94c2-dc756fed8d76.jpg,3,High,train,training
Final Dataset/training/Medium/4884ad2c-5949-4af2-a9a7-c43ae4bbc916.jpg,2,Medium,train,training
Final Dataset/training/Empty/4ecaa5b7-5a0e-4a75-ba18-adf7fd636517.jpg,0,Empty,train,training
Final Dataset/training/Low/3af1c7ac-0808-4b87-92d0-beb80bc4e98b.jpg,1,Low,train,training
Final Dataset/training/Medium/95775b71-a3fa-4566-abb4-a8b93f945dc0.jpg,2,Medium,train,training
Final Dataset/training/High/d25f876b-e89a-4b5a-a55b-ffb5d88650aa.jpg,3,High,train,training
Final Dataset/training/Low/51e1f8fa-df41-4881-aa29-eee728ca48c0.jpg,1,Low,train,training
Final Dataset/training/Empty/0837181f-9ecd-4b8f-9a73-3ff853a3589f.jpg,0,Empty,train,training
Final Dataset/training/Medium/21598e23-0de2-4fe5-a0f7-c194e4bcfc0c.jpg,2,Medium,train,training
Final Dataset/training/Medium/501478b6-4052-475e-a1d6-ee1118fb46d4.jpg,2,Medium,train,training
Final Dataset/training/Empty/4b2c5206-d25b-47a6-b723-b239a4d77b6d.jpg,0,Empty,train,training
Final Dataset/training/Medium/ef1b7c6a-d459-4539-bfa0-84fc196739a9.jpg,2,Medium,train,training
Final Dataset/training/Empty/faad22a4-8172-4671-94e7-769ae5d5a786.jpg,0,Empty,train,training
Final Dataset/testing/Low/1dc9237c-24a0-4a50-a526-f36f4b3d6ef1.jpg,1,Low,train,testing
Final Dataset/training/Empty/c0b2419f-01fc-441b-8461-f2758eb33fc2.jpg,0,Empty,train,training
Final Dataset/training/Empty/e418c51a-722e-4009-8d83-1c3464e29aec.jpg,0,Empty,train,training
Final Dataset/testing/Traffic Jam/9d0fb8f4-a541-4579-b391-821ce77cb706.jpg,4,Traffic Jam,train,testing
Final Dataset/training/Low/54be4426-98c3-4a1b-9868-a21b2cac9eb5.jpg,1,Low,train,training
Final Dataset/training/Low/631a5462-1758-4a83-a8d7-b206a4bd8bb0.jpg,1,Low,train,training
Final Dataset/training/Low/360c5814-fafa-4283-a05a-e34c556fbc7b.jpg,1,Low,train,training
Final Dataset/training/Low/45b2b89d-3073-458e-a47e-f4145cd74032.jpg,1,Low,train,training
Final Dataset/training/Traffic Jam/images42.jpg,4,Traffic Jam,train,training
Final Dataset/training/Empty/d744c7ae-549f-47e5-8a54-95c5aa0c2bed.jpg,0,Empty,train,training
Final Dataset/training/Empty/8d6ffa56-e75e-42d3-b9f7-25ad59c22d87.jpg,0,Empty,train,training
Final Dataset/training/Empty/638dba9b-1f35-4bac-9c6c-1d0ff62a85b6.jpg,0,Empty,train,training
Final Dataset/training/Empty/1ffaf43c-ef11-4c17-a8e6-a48be10db5c1.jpg,0,Empty,train,training
Final Dataset/training/Medium/23e61036-c623-4e53-a827-bfdf735b4e14.jpg,2,Medium,train,training
Final Dataset/training/High/f1686477-608b-4ee4-971f-d501ebd93870.jpg,3,High,train,training
Final Dataset/validation/Low/5be83489-a21e-48e7-9743-552e2d686991.jpg,1,Low,train,validation
Final Dataset/training/Empty/9bfebbe6-6aa6-435b-9a38-dd9e29642fff.jpg,0,Empty,train,training
Final Dataset/training/Traffic Jam/images.jpg,4,Traffic Jam,train,training
Final Dataset/training/Medium/19927f2b-7c66-4a02-934f-9c86e804533e.jpg,2,Medium,train,training
Final Dataset/testing/Medium/3eaf1a12-3985-4478-a955-5a1a060c6a89.jpg,2,Medium,train,testing
Final Dataset/testing/Traffic Jam/6d20025c-1548-4e59-a4c0-160454cc0467.jpg,4,Traffic Jam,train,testing
Final Dataset/training/Medium/4960c77a-024e-45a3-977a-9d70f4c3ca6e.jpg,2,Medium,train,training
Final Dataset/testing/Low/1e6e81e4-4f23-47bf-93c7-615f1a8c7368.jpg,1,Low,train,testing
Final Dataset/validation/Medium/9f980787-05d1-4460-8b4f-921e2afb670b.jpg,2,Medium,train,validation
Final Dataset/training/Empty/64c66d08-45f8-40fb-a38c-0895aba65dbf.jpg,0,Empty,train,training
Final Dataset/training/Empty/8e57497b-2d4a-495a-addb-f8712ea52981.jpg,0,Empty,train,training
Final Dataset/training/Traffic Jam/fa7fd208-c193-4ee5-97bc-5619cf571fef.jpg,4,Traffic Jam,train,training
Final Dataset/training/Empty/dee8bab8-be8b-4a16-b1c5-d96502953892.jpg,0,Empty,train,training
Final Dataset/validation/Medium/01baf2f6-1e83-4422-a535-570e6f4f8ba9.jpg,2,Medium,train,validation
Final Dataset/training/Traffic Jam/043bc354-c264-4a0a-9261-06dae6d57b65.jpg,4,Traffic Jam,train,training
Final Dataset/testing/High/15c2362c-dbd2-4e14-9bbe-6864a7988080.jpg,3,High,train,testing
Final Dataset/training/Empty/89a60584-8e03-44c9-8981-d94cc517e747.jpg,0,Empty,train,training
Final Dataset/training/Low/4a418c1d-595f-40dc-b1cf-a3d38c204e98.jpg,1,Low,train,training
Final Dataset/validation/Medium/2ed274cf-4d75-4057-94d1-3f1fc4b73f0c.jpg,2,Medium,train,validation
Final Dataset/training/Low/b720a178-b664-4800-b315-682f1908ac17.jpg,1,Low,train,training
Final Dataset/training/Empty/766cdd62-ca2d-4e45-8146-c8a06031dd01.jpg,0,Empty,train,training
Final Dataset/validation/Medium/9e2e3861-d9b0-4dd8-8c48-50f583549a5b.jpg,2,Medium,train,validation
Final Dataset/testing/High/9964ac09-8d1d-493f-97e5-d011ffa4fcd6.jpg,3,High,train,testing
Final Dataset/training/Low/83dab66b-5aae-4666-a0c8-a01062bd1244.jpg,1,Low,train,training
Final Dataset/training/Medium/06663280-6c5a-40a5-aa44-7763de7f7167.jpg,2,Medium,train,training
Final Dataset/training/Low/29e93925-1877-44d3-b860-65b94d47f60a.jpg,1,Low,train,training
Final Dataset/training/Empty/6278c98d-0316-4fe4-ba19-4e17c894197c.jpg,0,Empty,train,training
Final Dataset/training/Empty/2b689d22-0f14-4f49-bff6-74b1152b7b66.jpg,0,Empty,train,training
Final Dataset/training/Low/ca71a986-242b-4a81-b669-2f205049d7b5.jpg,1,Low,train,training
Final Dataset/training/Empty/5013d1e9-70ad-40a9-a821-2b9d765387bf.jpg,0,Empty,train,training
Final Dataset/training/Empty/762b8af7-8d99-40b9-b78f-3c4e6998a070.jpg,0,Empty,train,training
Final Dataset/training/Empty/53ccab25-20f0-4b16-9bf8-799d69f929f2.jpg,0,Empty,train,training
Final Dataset/training/Low/a93abb34-b7dc-4fbc-b8cd-a79ac0ea1d47.jpg,1,Low,train,training
Final Dataset/training/Low/a8ca59cd-0a75-4e8f-8594-8286adebbfa9.jpg,1,Low,train,training
Final Dataset/validation/Traffic Jam/images79.jpg,4,Traffic Jam,train,validation
Final Dataset/training/Empty/7a713049-2652-4553-a7dc-74154cafecb9.jpg,0,Empty,train,training
Final Dataset/testing/Traffic Jam/images126.jpg,4,Traffic Jam,train,testing
Final Dataset/training/Low/890e9f4c-ef26-4e75-8764-04b750da2ebb.jpg,1,Low,train,training
Final Dataset/testing/Traffic Jam/15ffc304-cc79-4afa-ba0d-b6e1f051df98.jpg,4,Traffic Jam,train,testing
Final Dataset/training/Empty/540ddc9f-67c9-4761-b8d8-8b44a5f30e28.jpg,0,Empty,train,training
Final Dataset/testing/Traffic Jam/images128.jpg,4,Traffic Jam,train,testing
Final Dataset/training/Empty/7c1e8f30-c97d-4793-8a2f-8ed6e227044e.jpg,0,Empty,train,training
Final Dataset/training/Medium/e9668b36-ec8d-47a1-ab23-95ea683d2410.jpg,2,Medium,train,training
Final Dataset/training/Medium/8369d7ef-2769-4a05-8e7a-b794c5f768e8.jpg,2,Medium,train,training
Final Dataset/training/Empty/b5796e37-c705-46f5-86f7-a84b85243777.jpg,0,Empty,train,training
Final Dataset/testing/Empty/0f7713fe-b3a2-4286-bfb6-046f2f75313b.jpg,0,Empty,train,testing
Final Dataset/training/Empty/b9b70204-ddf3-498c-bb39-b3880d5a93ee.jpg,0,Empty,train,training
Final Dataset/training/Low/d355237c-a19a-4e3a-8dd1-030ccf8bd097.jpg,1,Low,train,training
Final Dataset/training/Low/f396f556-d2bb-4a0f-8ede-3caef471be2b.jpg,1,Low,train,training
Final Dataset/training/High/images82.jpg,3,High,train,training
Final Dataset/training/Empty/c45eee03-3906-4235-8698-82c93f2e0020.jpg,0,Empty,train,training
Final Dataset/training/Empty/9aa967aa-a392-44f6-9534-f45a2b40249d.jpg,0,Empty,train,training
Final Dataset/validation/Medium/3d5620f3-d685-4e7b-9b49-bbd666b29a2e.jpg,2,Medium,train,validation
Final Dataset/training/Empty/de98f7ed-2be4-4afb-aba8-e1ddc824805a.jpg,0,Empty,train,training
Final Dataset/testing/Medium/4c45930b-e39f-4b20-a970-340be91e542d.jpg,2,Medium,train,testing
Final Dataset/training/Empty/dc04e3ee-c2d8-4e7c-becc-b11f87ac3880.jpg,0,Empty,train,training
Final Dataset/testing/Medium/0d42dfde-77d0-4af1-ac78-d5f8521b22dd.jpg,2,Medium,train,testing
Final Dataset/training/Low/32dc5d5c-a7ff-4e61-ab11-1bb4bea7c30f.jpg,1,Low,train,training
Final Dataset/training/Empty/686a2bc7-fd6e-4192-8a80-46f3a7a46b4e.jpg,0,Empty,train,training
Final Dataset/training/Low/4907978c-ff8b-4df8-83be-7de5095c8535.jpg,1,Low,train,training
Final Dataset/training/High/32e8fb5a-003d-4bfe-bb5c-51efb5d73219.jpg,3,High,train,training
Final Dataset/training/Low/588d8e3e-ed9d-4d83-82c4-cb18ad7cff98.jpg,1,Low,train,training
Final Dataset/training/Medium/f1addc95-1e8b-47ff-88a1-21fc2df34788.jpg,2,Medium,train,training
Final Dataset/training/Empty/52932f8a-a050-4c49-b393-bb563cebca0e.jpg,0,Empty,train,training
Final Dataset/training/High/8df48236-ab55-4037-b6d3-f1273e39ae38.jpg,3,High,train,training
Final Dataset/training/Empty/6d11fd29-36e0-46c9-8360-54795a851f3a.jpg,0,Empty,train,training
Final Dataset/training/Low/566b076e-5472-4680-9361-3f2e1de61062.jpg,1,Low,train,training
Final Dataset/training/Low/fb5d2ce5-9c8c-41f5-b31b-ddb4591fa6d7.jpg,1,Low,train,training
Final Dataset/training/Empty/23462f2e-9149-40f8-bc15-896eca8238f0.jpg,0,Empty,train,training
Final Dataset/training/High/ae13ddcc-367f-4903-bbb1-629ae3176e8d.jpg,3,High,train,training
Final Dataset/training/Medium/24e37b0f-b3f1-498c-a636-c2317d0c2220.jpg,2,Medium,train,training
Final Dataset/testing/Empty/3a17d971-f289-4343-8646-280f403a9a9b.jpg,0,Empty,train,testing
Final Dataset/training/Low/92eb9021-9ee4-4331-9ed7-5373cd718901.jpg,1,Low,train,training
Final Dataset/training/Low/6f083247-b3b6-467a-8ec2-925dadbd40f3.jpg,1,Low,train,training
Final Dataset/training/Empty/7c197538-af92-4080-8e92-24a915bf4c36.jpg,0,Empty,train,training
Final Dataset/training/High/002705cb-6af8-4b6c-823f-92b581acfe4d (1).jpg,3,High,train,training
Final Dataset/training/Low/ae641403-0d0b-47d2-b921-ecebba64ca4b.jpg,1,Low,train,training
Final Dataset/training/Low/41a4f4ae-b0b2-400f-81d3-32be8c9b862f.jpg,1,Low,train,training
Final Dataset/training/Medium/741737a6-62b5-4837-beb1-ee5be93c67a2.jpg,2,Medium,train,training
Final Dataset/testing/High/1135d510-e633-4144-9c75-191bbcdbf8ad.jpg,3,High,train,testing
Final Dataset/training/Empty/668fe5ba-0ba4-4cbd-b337-b6329182c915.jpg,0,Empty,train,training
Final Dataset/training/High/69a257a1-b5d9-4f0f-a1e2-5ee063130835.jpg,3,High,train,training
Final Dataset/training/Low/777c1ad9-c07a-4615-acf4-b8bfee873af5.jpg,1,Low,train,training
Final Dataset/training/Low/27ab087d-f7bb-43bb-bdb4-96a152907216.jpg,1,Low,train,training
Final Dataset/training/Empty/776ee874-2a68-42f5-b05b-6375de2976d9.jpg,0,Empty,train,training
Final Dataset/training/Low/713a175a-dc55-47df-a3ba-a98b8c7e51d3.jpg,1,Low,train,training
Final Dataset/training/Empty/c1d2f5f5-fd44-48be-8193-81d9413517c5.jpg,0,Empty,train,training
Final Dataset/training/Empty/6b6eee7b-9389-42e7-ab08-bfc8a56faf76.jpg,0,Empty,train,training
Final Dataset/training/Medium/132056b4-e690-496a-bf4c-d14b8ef8944f.jpg,2,Medium,train,training
Final Dataset/training/Traffic Jam/f97e3e0b-da61-4748-8d56-8fe18f704548.jpg,4,Traffic Jam,train,training
Final Dataset/training/Low/14da8eb2-d1c4-4e41-9232-fa06a2ab0be0.jpg,1,Low,train,training
Final Dataset/training/Empty/01bf9146-b16f-4bce-90a3-44e8dd011058.jpg,0,Empty,train,training
Final Dataset/training/Medium/6349d731-af4f-40d9-baca-7914b3551371.jpg,2,Medium,train,training
Final Dataset/training/Low/b52ef8ac-8e0d-45ff-8281-7c7ae44409f3.jpg,1,Low,train,training
Final Dataset/validation/Empty/0b63dba6-17d1-4f79-bf2b-a954dfc307a8.jpg,0,Empty,train,validation
Final Dataset/validation/Medium/3f63cb7e-b33d-401f-85e1-433e19053581.jpg,2,Medium,train,validation
Final Dataset/training/Empty/863c4949-56d0-4e48-8f21-0aa92f1d2a44.jpg,0,Empty,train,training
Final Dataset/training/Low/3787db45-ee9c-47cd-aaa8-5e828da51156.jpg,1,Low,train,training
Final Dataset/training/Low/14b89db1-fa46-4667-835c-4d899c8fbb62.jpg,1,Low,train,training
Final Dataset/training/High/dda3a03a-582b-49d4-a7e3-cddac2cd3a7e.jpg,3,High,train,training
Final Dataset/testing/Low/49f53144-0a59-4411-9634-b52b1e6124fc.jpg,1,Low,train,testing
Final Dataset/training/High/874ad8e3-f93c-4938-8170-ef7efc8d7c1f.jpg,3,High,train,training
Final Dataset/training/Empty/ddcf4409-b88b-4912-b22b-ac329ed43574.jpg,0,Empty,train,training
Final Dataset/training/High/168e10f4-9a31-41ee-8796-e2435ec81c1e.jpg,3,High,train,training
Final Dataset/training/High/a492c39b-45d3-455e-8d50-18bd66b9afe6.jpg,3,High,train,training
Final Dataset/training/Low/a67fcfd1-2b65-4948-9399-a9e35f3fec5d.jpg,1,Low,train,training
Final Dataset/training/Low/571f105a-fce9-4e3a-a72e-3d94bec7aefa.jpg,1,Low,train,training
Final Dataset/training/Low/82615d0b-94a5-4168-ab6f-5541df19d3c6.jpg,1,Low,train,training
Final Dataset/training/Low/84d69a07-119e-4f9c-8d99-b044ccd8e335.jpg,1,Low,train,training
Final Dataset/training/Low/037cc0b6-f4ee-4ad5-a17c-4495c0e3bfc7.jpg,1,Low,train,training
Final Dataset/training/Empty/e7247108-68b3-4403-b960-e0a5efdadf20.jpg,0,Empty,train,training
Final Dataset/validation/Low/3cb2aed2-9b71-4dfe-91bc-402091692b18.jpg,1,Low,train,validation
Final Dataset/training/Low/b93e50f1-ea2c-42b4-b67d-fff578952f40.jpg,1,Low,train,training
Final Dataset/training/Medium/7b1ac3f7-b7d2-4bb5-9212-a8495aba76c6.jpg,2,Medium,train,training
Final Dataset/training/Empty/b30964cd-9d87-4d2c-abf3-8e6cba94dfe6.jpg,0,Empty,train,training
Final Dataset/training/Empty/52224b5b-ed67-4bc4-bf86-694493235a79.jpg,0,Empty,train,training
Final Dataset/training/Empty/d3d37be9-2904-433c-89a3-ef1df0536a17.jpg,0,Empty,train,training
Final Dataset/training/Medium/56f0c3da-07c3-4566-b9b1-79c80c83ffde.jpg,2,Medium,train,training
Final Dataset/training/Empty/9184ddcd-76bc-41d8-b55c-1b5cf70f3723.jpg,0,Empty,train,training
Final Dataset/training/High/2f45e9be-49de-4133-bb96-33974677971f.jpg,3,High,train,training
Final Dataset/training/Medium/b5120a46-c5a1-4233-bb08-2fa305994572.jpg,2,Medium,train,training
Final Dataset/training/Low/9196417b-24cd-4558-8e1d-b607ada78101.jpg,1,Low,train,training
Final Dataset/training/Traffic Jam/cc4843dc-56ce-4998-839b-75017f56a498.jpg,4,Traffic Jam,train,training
Final Dataset/training/Low/3314de3c-52f5-4be3-bfeb-5bdbf18ecf59.jpg,1,Low,train,training
Final Dataset/training/Medium/20bc42c2-f110-449b-aeed-81516605f8e9.jpg,2,Medium,train,training
Final Dataset/training/Medium/750c2fd1-4dfd-45a8-ad26-c64dfdd13e9a.jpg,2,Medium,train,training
Final Dataset/validation/Medium/9aa79644-78d1-4c29-86e4-50ff09733dd9.jpg,2,Medium,train,validation
Final Dataset/training/Empty/6782ee97-4fd8-45b2-94f3-ce69509e1937.jpg,0,Empty,train,training
Final Dataset/training/High/1620a732-1269-4ff4-93df-defaeb39d258.jpg,3,High,train,training
Final Dataset/training/High/6f422ee6-8220-4ff2-88c4-6cf21c847008.jpg,3,High,train,training
Final Dataset/testing/High/9dd791cf-424a-4a29-bac3-72e2f4b4a57c.jpg,3,High,train,testing
Final Dataset/training/Empty/b27d0773-685c-4c56-8aba-f3e87f8861d9.jpg,0,Empty,train,training
Final Dataset/testing/Medium/0a11aff5-ed03-4492-82b5-998756ca529d.jpg,2,Medium,train,testing
Final Dataset/training/Low/e92a1b35-775d-4dd4-9149-eeec164d25ea.jpg,1,Low,train,training
Final Dataset/training/Traffic Jam/28cca58f-ccb3-463b-a057-b5da39cdc1e6.jpg,4,Traffic Jam,train,training
Final Dataset/training/Empty/3720e795-060e-4009-8cb5-0ec2d555c400.jpg,0,Empty,train,training
Final Dataset/training/High/0891ab1b-8143-4b4f-b562-918b3d337f74.jpg,3,High,train,training
Final Dataset/testing/Low/0e721c6d-973b-4b1a-8a98-9fcd1d3ad3fa.jpg,1,Low,train,testing
Final Dataset/training/Medium/d1ffa5f3-ed9e-4e97-b8e0-8969bfc71ce0.jpg,2,Medium,train,training
Final Dataset/training/Empty/532fa1b7-c6cb-43a3-b9cd-70674a58d97a.jpg,0,Empty,train,training
Final Dataset/training/Low/d741971a-9054-4b47-924c-ae384d12f53b.jpg,1,Low,train,training
Final Dataset/training/Low/518977d7-33c2-436b-b8ff-a40c6f9810ed.jpg,1,Low,train,training
Final Dataset/training/Medium/ce455924-8627-453e-8c1c-6b4ffdb40928.jpg,2,Medium,train,training
Final Dataset/training/Low/570c5e4e-40f6-4e50-8bda-98e77ce5df2d.jpg,1,Low,train,training
Final Dataset/training/Empty/91f6400f-4f8c-4c01-b52e-9b90ff5ff286.jpg,0,Empty,train,training
Final Dataset/training/Empty/31a979bb-3faf-4ff5-a88a-18ded6ca124d.jpg,0,Empty,train,training
Final Dataset/training/Empty/b169da42-9fa9-4898-bfe1-6d2d8150c7d0.jpg,0,Empty,train,training
Final Dataset/validation/Low/6d1025e9-3be3-46c9-aa50-df25f2051de7.jpg,1,Low,train,validation
Final Dataset/validation/Low/0c283f15-d57d-4411-bbfb-c3a5b023081a.jpg,1,Low,train,validation
Final Dataset/training/High/e3d6c5b6-a9d6-4f6a-9cc7-6465b8c2c892.jpg,3,High,train,training
Final Dataset/training/High/3400a31b-d11e-401d-b98f-69dfa0da9399.jpg,3,High,train,training
Final Dataset/validation/Medium/1c1231c1-bffa-4f41-9543-6507007c04cf.jpg,2,Medium,train,validation
Final Dataset/training/Empty/9874ab80-2bcf-4313-befd-64173351482e.jpg,0,Empty,train,training
Final Dataset/training/High/e33adaea-3dca-4fe2-bbd8-57bcb5ff3b14.jpg,3,High,train,training
Final Dataset/training/Empty/605daf9c-55b2-4dbc-9b5b-db7f39fc60d6.jpg,0,Empty,train,training
Final Dataset/training/Empty/f4c4afa8-181c-4b29-8e9d-0003fc31d767.jpg,0,Empty,train,training
Final Dataset/training/Empty/9981cd37-7485-42cd-b370-683dabdc131e.jpg,0,Empty,train,training
Final Dataset/training/Empty/91a05bea-834c-450c-80f9-d7507b72012e.jpg,0,Empty,train,training
Final Dataset/training/Low/33cc3190-aa7c-44d9-8799-6c272042cdc9.jpg,1,Low,train,training
Final Dataset/training/Empty/da938c63-c78a-4410-9ac4-2723f8fc799e.jpg,0,Empty,train,training
Final Dataset/training/Empty/6b5d575a-689a-4557-953b-7eb25716f3af.jpg,0,Empty,train,training
Final Dataset/training/Medium/ff9bc83d-6cf9-4f48-8fae-22019e7823c0.jpg,2,Medium,train,training
Final Dataset/training/Empty/cca8e6af-4f53-4dc5-823d-f1b11eb49e2d.jpg,0,Empty,train,training
Final Dataset/training/Medium/db5fba49-4447-4988-a56f-1fdd54c07786.jpg,2,Medium,train,training
Final Dataset/training/Medium/c5f26340-feae-434a-a69d-593a004946ff.jpg,2,Medium,train,training
Final Dataset/training/Medium/e8a6b3b4-5e41-4a8b-abda-b4afa3268b9f.jpg,2,Medium,train,training
Final Dataset/training/Empty/9641b7ae-946f-4668-a7fa-832df7fc1eee.jpg,0,Empty,train,training
Final Dataset/testing/Empty/3c98e03b-59f9-4f34-9be7-ea346838cd79.jpg,0,Empty,train,testing
Final Dataset/training/Low/abf08511-be01-4095-aefc-91f2eaa44e0b.jpg,1,Low,train,training
Final Dataset/testing/Empty/1ea30bff-50c7-47f5-b7cb-e483580118c3.jpg,0,Empty,train,testing
Final Dataset/training/Medium/6825bc60-c04e-4ddb-9c7d-2b251ef42d23.jpg,2,Medium,train,training
Final Dataset/training/Medium/5f5882a6-070e-4821-8dbe-2ca35fb76a69.jpg,2,Medium,train,training
Final Dataset/training/Empty/137a5d80-c5cc-480d-9049-b68ff5b355b7.jpg,0,Empty,train,training
Final Dataset/training/Low/8b9f47e4-1cc1-4564-9b0b-a16b7a913aca.jpg,1,Low,train,training
Final Dataset/training/Low/b2097e4b-85ed-467c-b835-39d9ff6ae537.jpg,1,Low,train,training
Final Dataset/validation/Empty/0adaf31f-f1c0-4766-b3d0-7ee28093f367.jpg,0,Empty,train,validation
Final Dataset/training/Low/19660a1c-1a4b-4d27-acfe-206e96178a4a.jpg,1,Low,train,training
Final Dataset/training/Empty/e18c1ae7-d218-4d85-85c6-0e3de387fa90.jpg,0,Empty,train,training
Final Dataset/training/Empty/b4183192-6dd3-4e7a-9633-6b06190ff769.jpg,0,Empty,train,training
Final Dataset/training/Empty/2bf704f8-c09c-4a69-92f4-87090286aed7.jpg,0,Empty,train,training
Final Dataset/training/High/78f49aa5-f2b3-4c2e-b385-c6d9aff4fc67.jpg,3,High,train,training
Final Dataset/training/Medium/1899dadb-3c17-4196-aa79-56835105cd95.jpg,2,Medium,train,training
Final Dataset/training/Low/108de9da-be0a-4e24-8b82-7b73c108478a.jpg,1,Low,train,training
Final Dataset/training/High/35d00360-627e-4c44-8f14-b716df3a5da2.jpg,3,High,train,training
Final Dataset/testing/Medium/60a6e195-9a82-4c5b-b212-40d6c7ef4aac.jpg,2,Medium,train,testing
Final Dataset/training/High/fc04410e-0b54-4ce1-865b-f2e21cee4479.jpg,3,High,train,training
Final Dataset/training/Low/a7ddccfd-d09b-4a06-aec6-d918ab33dc72.jpg,1,Low,train,training
Final Dataset/training/Low/70f293b5-0d4e-419b-b215-16b89967e413.jpg,1,Low,train,training
Final Dataset/training/Low/fa6d98ed-a4ac-4055-8793-9d9cd7edac2c.jpg,1,Low,train,training
Final Dataset/training/High/b6ed28bb-9db1-4207-9ba8-01379bed40d1.jpg,3,High,train,training
Final Dataset/training/Empty/f47d8370-f75a-4856-ba67-2b92f1c1f952.jpg,0,Empty,train,training
Final Dataset/training/Empty/16c45337-9703-4f2b-9006-ce8d54b9cd9f.jpg,0,Empty,train,training
Final Dataset/training/Empty/a046de4c-df2d-49e7-b76f-24470b0be5b5.jpg,0,Empty,train,training
Final Dataset/training/Low/d1b0692c-8a01-4a72-b81b-b64a025456ea.jpg,1,Low,train,training
Final Dataset/training/Low/fca62515-21e7-49d3-bfc3-fb4af80ec2c5.jpg,1,Low,train,training
Final Dataset/training/Low/9f321b0f-c8c9-40f9-96d0-3ea1b56fc2d9.jpg,1,Low,train,training
Final Dataset/training/Low/65d8f366-2c57-4ec8-b17f-45ed94f8fe77.jpg,1,Low,train,training
Final Dataset/training/Empty/71b5a7ba-6d8a-4b6a-af4d-0abc5cd56e6f.jpg,0,Empty,train,training
Final Dataset/training/Empty/25b6691f-b661-4229-92ec-80cba109c2f3.jpg,0,Empty,train,training
Final Dataset/training/Empty/e322ba4c-359d-48c0-98dd-9cdbcbec1c32.jpg,0,Empty,train,training
Final Dataset/training/Empty/26e0c91c-ffbe-4334-bb72-deba591c82cd.jpg,0,Empty,train,training
Final Dataset/training/Medium/16743c06-d404-487d-b01a-af9ac34dd449.jpg,2,Medium,train,training
Final Dataset/training/Empty/4ef34e95-017d-4302-b844-74b991946337.jpg,0,Empty,train,training
Final Dataset/testing/Empty/0f4d7f99-3247-458d-9866-50d21d99eafe.jpg,0,Empty,train,testing
Final Dataset/training/Medium/6f68c549-ae62-4532-9a37-ef46fc60da61.jpg,2,Medium,train,training
Final Dataset/training/Medium/b07eefc2-de70-41d4-b361-8bef159edef1.jpg,2,Medium,train,training
Final Dataset/training/Empty/afabc68f-ca15-41b1-8e73-2513f4c5f34d.jpg,0,Empty,train,training
Final Dataset/training/Traffic Jam/8f21d99a-6cbe-456b-ac4d-c162d00bae49.jpg,4,Traffic Jam,train,training
Final Dataset/training/Empty/e37d03f4-a5a3-42b1-b083-4e33ba78623b.jpg,0,Empty,train,training
Final Dataset/training/Empty/b94946c1-d0c9-4855-8a8a-b3692d45b0da.jpg,0,Empty,train,training
Final Dataset/training/High/f18e54c9-71d2-44a0-8e0b-99143752496e.jpg,3,High,train,training
Final Dataset/training/Empty/d6d7c13e-274e-4552-b53c-1d39dc28976e.jpg,0,Empty,train,training
Final Dataset/training/Medium/bf74df6b-46fd-4dee-bdb0-5c01dfca5402.jpg,2,Medium,train,training
Final Dataset/training/Low/b7453584-a7a0-4c16-a3dd-99208468c678.jpg,1,Low,train,training
Final Dataset/training/Medium/4624f950-1d35-494f-bd69-a59c2c252231.jpg,2,Medium,train,training
Final Dataset/testing/High/9b990ba8-e0ee-4f82-9ae8-8ebc5f43cf9c.jpg,3,High,train,testing
Final Dataset/training/Empty/e521e8f6-611b-4835-93cc-f7ba633273df.jpg,0,Empty,train,training
Final Dataset/training/Empty/d31a6849-b295-4819-8af8-64cd09da8f87.jpg,0,Empty,train,training
Final Dataset/training/Empty/5255caab-6f42-41f7-8b2a-ec7558eb21d3.jpg,0,Empty,train,training
Final Dataset/training/Medium/5802fbf1-11ae-4d65-9c5b-7d3ae2349265.jpg,2,Medium,train,training
Final Dataset/training/Empty/ff365ada-4ea1-4fa0-91f2-9075cdc30916.jpg,0,Empty,train,training
Final Dataset/training/Low/78a2245e-7db5-4fa5-8bd5-24e331f91310.jpg,1,Low,train,training
Final Dataset/training/Low/aa61f384-d4a9-426a-ab83-ca1130fcaed6.jpg,1,Low,train,training
Final Dataset/training/Low/800aa02a-3f8f-4c5a-b4d0-f12951683cb2.jpg,1,Low,train,training
Final Dataset/training/Medium/7b9e3a06-dff4-4f8b-9292-468f6baf8e06.jpg,2,Medium,train,training
Final Dataset/training/Low/e1ddf889-ce95-4dcd-bc8a-7a33dd349a72.jpg,1,Low,train,training
Final Dataset/training/High/e48acd1f-89e0-4616-91c3-aea5c8d5dd6a.jpg,3,High,train,training
Final Dataset/training/Empty/5a5bf70d-aff1-4426-a02e-a0a0da775ca8.jpg,0,Empty,train,training
Final Dataset/training/Medium/56e51405-b932-40d0-a2dd-8289769b8170.jpg,2,Medium,train,training
Final Dataset/training/Empty/247a326c-1a80-45e8-8136-90a9f7b1bcdb.jpg,0,Empty,train,training
Final Dataset/training/High/3cc8f4ba-0f8d-4771-80a6-0672987003cc.jpg,3,High,train,training
Final Dataset/validation/Low/00e6867e-3d0a-403e-9f29-ef5407be1617.jpg,1,Low,train,validation
Final Dataset/training/Low/80cc35f0-cb0f-4998-b12b-371994e9da4e.jpg,1,Low,train,training
Final Dataset/validation/Empty/1daf2fe3-559b-4ddb-bfa2-c9bfb03b0843.jpg,0,Empty,train,validation
Final Dataset/training/Low/1978ecff-b20c-4047-b691-1a1987cd821e.jpg,1,Low,train,training
Final Dataset/training/Medium/52394c11-d003-4f3e-9df6-d3d1a6776161.jpg,2,Medium,train,training
Final Dataset/training/Medium/d2b8bfd6-6a8c-4fbc-8a2f-2aa1254ae9fe.jpg,2,Medium,train,training
Final Dataset/training/Medium/6e6205ae-0a2e-432b-ab11-191d33281bf2.jpg,2,Medium,train,training
Final Dataset/validation/Low/3abd3e24-c02f-4309-9744-40bf38e8d2a3.jpg,1,Low,train,validation
Final Dataset/training/Low/7908c7f2-7e8a-4155-a9e9-e942f5650f69.jpg,1,Low,train,training
Final Dataset/validation/Low/3c860316-0fbd-4c92-991d-b329df14caf3.jpg,1,Low,train,validation
Final Dataset/training/Empty/5cd9a038-5729-4a97-8ed9-70ef8b9ddfc3.jpg,0,Empty,train,training
Final Dataset/training/Empty/a8346f1e-5a18-4eb0-9144-87f94796bd6c.jpg,0,Empty,train,training
Final Dataset/training/Low/0355e83d-2df6-4e4e-b754-cd5fc285465f.jpg,1,Low,train,training
Final Dataset/training/High/c1c2da6a-9fd7-40d5-bd58-f24ba6d6dc80.jpg,3,High,train,training
Final Dataset/training/Low/a44924de-b03f-46f8-a05c-33d46444d583.jpg,1,Low,train,training
Final Dataset/training/Low/f5941717-1b0d-4f40-87d8-3f8501908109.jpg,1,Low,train,training
Final Dataset/training/Low/99b39f47-e1e2-46ef-87e7-42ad9b59a9b7.jpg,1,Low,train,training
Final Dataset/validation/Empty/3e814e28-4bc1-4636-9c29-336f50969712.jpg,0,Empty,train,validation
Final Dataset/training/Empty/57435174-fec6-4656-af11-d35a9df8c643.jpg,0,Empty,train,training
Final Dataset/training/Medium/53e7d458-bfb6-4674-b17c-cde29a61763c.jpg,2,Medium,train,training
Final Dataset/validation/Medium/6e76ffd2-47ae-444a-a2dc-dd46e3ae625e.jpg,2,Medium,train,validation
Final Dataset/training/Empty/7f11ee97-8736-44bf-8424-d556ec617e78.jpg,0,Empty,train,training
Final Dataset/training/Empty/9dce8c8e-0888-48b5-ae18-4893f2c83820.jpg,0,Empty,train,training
Final Dataset/training/Low/b2d7e181-e373-405b-9513-a477e1a80c2f.jpg,1,Low,train,training
Final Dataset/training/Empty/4ef48188-da29-4254-94c2-c91f8c0890a5.jpg,0,Empty,train,training
Final Dataset/training/Low/b6a93378-ea76-4658-a1af-5335429f475d.jpg,1,Low,train,training
Final Dataset/training/Medium/d8750846-145c-4e34-a182-b7d42b2d3789.jpg,2,Medium,train,training
Final Dataset/validation/Low/7ffc7d24-b5cb-4660-afd6-1e1f5270b386.jpg,1,Low,train,validation
Final Dataset/training/Low/818e3f1f-9113-4eca-9b5a-71372f743e85.jpg,1,Low,train,training
Final Dataset/training/Medium/0d70b6ee-192f-40b3-af8b-e723edf374b0.jpg,2,Medium,train,training
Final Dataset/testing/Medium/6bf826f5-cff1-44c6-8dcc-01fe84952523.jpg,2,Medium,train,testing
Final Dataset/testing/Medium/0aa4182b-b2c7-493b-90bb-529c5f455050.jpg,2,Medium,train,testing
Final Dataset/training/Medium/f5b9bfa9-dc58-40c5-be7f-bf0f90799acd.jpg,2,Medium,train,training
Final Dataset/training/High/a3c93682-6804-408b-aa85-3b7a4dcddd79.jpg,3,High,train,training
Final Dataset/training/Empty/d2e3c8ca-c0d9-413d-a90d-08f1a2d7a12a.jpg,0,Empty,train,training
Final Dataset/training/Medium/2e095f2d-6421-40af-bc3f-4a793c6678d6.jpg,2,Medium,train,training
Final Dataset/training/Medium/f5253013-9161-4692-a6ec-353d95327b68.jpg,2,Medium,train,training
Final Dataset/training/Empty/686762f3-4ed5-4031-af95-4d6ae4858753.jpg,0,Empty,train,training
Final Dataset/training/Empty/e0cf7a93-8f94-4bb6-be0e-9d330d7334ba.jpg,0,Empty,train,training
Final Dataset/training/Low/d987c904-4f01-4997-85a4-e0037eb38b7f.jpg,1,Low,train,training
Final Dataset/training/High/111a1196-2077-4089-8d0b-43acf9bc7753.jpg,3,High,train,training
Final Dataset/validation/Empty/2a2fd5bc-3e30-41e8-93a1-4caa0993922e.jpg,0,Empty,train,validation
Final Dataset/training/Empty/3466b442-d5d2-434a-966a-20cb85c53ff0.jpg,0,Empty,train,training
Final Dataset/training/Medium/f8e3f684-be85-440a-8750-b0d1b0ec03b7.jpg,2,Medium,train,training
Final Dataset/validation/Traffic Jam/images70.jpg,4,Traffic Jam,train,validation
Final Dataset/training/Medium/d0a97288-45bd-444b-857d-e3bfbbca9e47.jpg,2,Medium,train,training
Final Dataset/training/Low/b4caeea0-8816-49f1-bff4-9b22fda98740.jpg,1,Low,train,training
Final Dataset/training/Empty/dd20ffea-cddf-44b4-9a9f-56603b4aa988.jpg,0,Empty,train,training
Final Dataset/training/Medium/531a0c27-9700-4dfb-9295-63e6bc7d0421.jpg,2,Medium,train,training
Final Dataset/validation/Low/8eb5981e-ca09-4980-8a68-b4847f2d7a78.jpg,1,Low,train,validation
Final Dataset/training/High/c42365d5-74fc-4691-8ae4-4799b2c7a0a1.jpg,3,High,train,training
Final Dataset/training/Low/07c0745f-33e0-42ea-aeee-f3d6a3bea40f.jpg,1,Low,train,training
Final Dataset/training/Medium/f2ca92cb-b31d-4d71-b6dd-ff4a9e041b2d.jpg,2,Medium,train,training
Final Dataset/training/Low/8d0a6142-d773-44c4-ad52-819d5c3dfeaf.jpg,1,Low,train,training
Final Dataset/training/Medium/19101e15-b3b7-42f6-bc31-addaff5d864f.jpg,2,Medium,train,training
Final Dataset/training/Traffic Jam/responsive_medium_KDxAAOItS2r3spxL0LCUaNW218akB5SKCmF2fBk0EHo.jpg,4,Traffic Jam,train,training
Final Dataset/training/Medium/2f69e643-47eb-4e0b-904f-4afa327f817c.jpg,2,Medium,train,training
Final Dataset/testing/High/5b960951-af51-4296-95dd-fb620a736273.jpg,3,High,train,testing
Final Dataset/training/Medium/e01dc5e1-bb8b-4a5f-ae31-d9de43be7766.jpg,2,Medium,train,training
Final Dataset/training/Medium/a3700f2b-9a10-4544-bd5b-fb15ae6e0d45.jpg,2,Medium,train,training
Final Dataset/training/Low/9e4660ae-b1ff-4ae1-a0ec-d774944ddd9d.jpg,1,Low,train,training
Final Dataset/training/Empty/935af5b6-c7f3-4de1-ae7d-5697d1a2ecaf.jpg,0,Empty,train,training
Final Dataset/validation/Medium/0fd02057-bdff-4123-8f95-ab245da94b55.jpg,2,Medium,train,validation
Final Dataset/training/Empty/442d6861-8455-449f-8682-1dab8b14a383.jpg,0,Empty,train,training
Final Dataset/training/Empty/014eaddb-c12f-4a22-8d93-3157ba3cda79.jpg,0,Empty,train,training
Final Dataset/validation/High/1f7d62d4-39b0-4f19-80f9-a14217414528.jpg,3,High,train,validation
Final Dataset/training/Low/dd5e40c0-bacb-4141-9147-749ada3c5a67.jpg,1,Low,train,training
Final Dataset/training/Empty/a10e1882-c28a-4893-856b-976b7787f76e.jpg,0,Empty,train,training
Final Dataset/training/Low/f6d6b4bf-de97-4e58-98a4-7a5336f3c758.jpg,1,Low,train,training
Final Dataset/training/Empty/58d8f8d3-081f-42d1-a415-8bee422acc5b.jpg,0,Empty,train,training
Final Dataset/training/Empty/9e3d8e5c-cf0c-402d-a7f6-b0fe8300f1f1.jpg,0,Empty,train,training
Final Dataset/training/Low/836bf869-a330-4191-9ee9-192b58b6925a.jpg,1,Low,train,training
Final Dataset/training/Empty/79ee2fbd-1367-4f1d-8465-becb8f433db5.jpg,0,Empty,train,training
Final Dataset/training/Low/cb0c7b3b-2c75-43d9-8bbe-5b8ee6c296e9.jpg,1,Low,train,training
Final Dataset/training/High/a20127b3-54dd-464b-a6cd-e510e3bcd70f.jpg,3,High,train,training
Final Dataset/training/Empty/d64b27fd-7fcc-4199-b320-78ccfcedf92e.jpg,0,Empty,train,training
Final Dataset/training/Empty/5be96f7f-9cb5-494c-ac32-385e7bb53432.jpg,0,Empty,train,training
Final Dataset/training/Medium/3b415855-e51f-4716-9d38-db1da738e088.jpg,2,Medium,train,training
Final Dataset/training/Empty/5ab4aa8e-790d-4bd2-b271-7eace5470edc.jpg,0,Empty,train,training
Final Dataset/training/Empty/009b6491-894f-400c-8ecd-632ffc6aa056.jpg,0,Empty,train,training
Final Dataset/training/Low/5f054e5e-b930-413d-b873-ea576a30fbb4.jpg,1,Low,train,training
Final Dataset/training/High/f7d73f0c-f8fe-4b36-8221-645815ea0d19.jpg,3,High,train,training
Final Dataset/training/Empty/35f59cbd-addb-4871-ac52-915c59091095.jpg,0,Empty,train,training
Final Dataset/testing/High/2c8ef83d-74c7-4044-bedf-14613d0c6408.jpg,3,High,train,testing
Final Dataset/training/Low/10c1a138-3758-48a0-b0b8-640e18b92473.jpg,1,Low,train,training
Final Dataset/training/Empty/c9d2ee56-fd45-4025-97bf-9778ec10f34d.jpg,0,Empty,train,training
Final Dataset/training/Empty/812b2262-b51b-4d72-abc6-4e6e1398feb3.jpg,0,Empty,train,training
Final Dataset/training/Empty/467f59a2-d832-4e2c-b97a-066ffd54e922.jpg,0,Empty,train,training
Final Dataset/training/Low/3708212d-48d7-4601-be82-1fd9ecb98106.jpg,1,Low,train,training
Final Dataset/training/Medium/a60c2255-dccb-4ed1-9cc1-cb1488a16c7f.jpg,2,Medium,train,training
Final Dataset/validation/Low/3d1a8750-9f9b-46d4-b740-383ce4eec0ee.jpg,1,Low,train,validation
Final Dataset/training/High/8244ac98-a2fa-4ac3-8394-6b0207b5996b.jpg,3,High,train,training
Final Dataset/training/High/58a8626d-317c-4b21-882e-460da854d394.jpg,3,High,train,training
Final Dataset/training/High/e4ec1631-13a0-4244-989d-80a7b47cdbda.jpg,3,High,train,training
Final Dataset/training/Empty/fda1f130-d397-4657-897c-46e9900c0b55.jpg,0,Empty,train,training
Final Dataset/validation/Empty/0a932f1d-2a58-467b-8550-0e853c34bd53.jpg,0,Empty,train,validation
Final Dataset/training/Low/6243c969-5165-432b-a176-8531a2270f29.jpg,1,Low,train,training
Final Dataset/training/Low/713a819a-99fe-419d-849c-a7ac24a5265c.jpg,1,Low,train,training
Final Dataset/training/High/ad4786fd-2f9a-4789-9354-9c783d850344.jpg,3,High,train,training
Final Dataset/training/Low/d9f47c54-b755-4e3a-89c1-d897ca836e17.jpg,1,Low,train,training
Final Dataset/training/Empty/cb9f8fa4-4e00-4737-9aa3-e5ab7a69ae71.jpg,0,Empty,train,training
Final Dataset/training/Medium/500c7451-9807-4c9c-b16e-6a9e2ef27d47.jpg,2,Medium,train,training
Final Dataset/training/Traffic Jam/d589b69c-6b30-44e6-9653-814a91111bb9.jpg,4,Traffic Jam,train,training
Final Dataset/validation/Traffic Jam/images74.jpg,4,Traffic Jam,train,validation
Final Dataset/training/High/24719ec4-e05c-4cbd-a97c-e64ed36f748d.jpg,3,High,train,training
Final Dataset/training/Medium/e112c12e-edbe-488e-b41a-d6e9de0e3238.jpg,2,Medium,train,training
Final Dataset/training/Low/54588839-1cd1-41a5-9dc2-4d1c9fc66ff9.jpg,1,Low,train,training
Final Dataset/training/Low/cfbb4360-94a1-4258-91c5-7755af354ee6.jpg,1,Low,train,training
Final Dataset/training/Medium/4bf79e60-f3b7-43ad-899d-01fbee773bba.jpg,2,Medium,train,training
Final Dataset/training/Low/3c9342fc-fad1-4d81-bd62-ff5638f2e21c.jpg,1,Low,train,training
Final Dataset/training/High/6535f07e-5965-4f13-955c-3d5d28588676.jpg,3,High,train,training
Final Dataset/training/Low/bf050388-3fe2-43b7-abf1-366518bdb0ab.jpg,1,Low,train,training
Final Dataset/training/Empty/20f7c820-b586-4d94-8d27-fe2691705b9d.jpg,0,Empty,train,training
Final Dataset/testing/Empty/1a0d5738-25ff-4c93-818c-d36e1b8845fc.jpg,0,Empty,train,testing
Final Dataset/testing/Traffic Jam/4a471c2d-cf88-4618-9449-d069a30b62fc (2).jpg,4,Traffic Jam,train,testing
Final Dataset/training/Low/09ea85f8-fd27-4bdf-90ec-9651f9d15cab.jpg,1,Low,train,training
Final Dataset/training/High/a4dd4ed7-f53a-455c-a728-f26d57813301.jpg,3,High,train,training
Final Dataset/training/Low/9174d509-f9e0-4474-ae33-67e283410d66.jpg,1,Low,train,training
Final Dataset/validation/Low/44d87953-fb5d-4eb4-ae80-b25b3dda0320.jpg,1,Low,train,validation
Final Dataset/training/Empty/51a143c3-fdf7-4988-a0dd-cf8cda553f6d.jpg,0,Empty,train,training
Final Dataset/training/Low/70e83fd8-ff9e-44e8-bdee-753bebca84c5.jpg,1,Low,train,training
Final Dataset/training/Low/4986c365-9ccc-4419-baef-83baba942aa2.jpg,1,Low,train,training
Final Dataset/training/Empty/267907bc-7222-4ca0-a607-b6a5616cd00f.jpg,0,Empty,train,training
Final Dataset/testing/Traffic Jam/4ca5efcc-3758-42a6-94ab-7c0e49eff306.jpg,4,Traffic Jam,train,testing
Final Dataset/training/High/a8ec9ec0-6454-4d24-ace8-00b2c350da4e.jpg,3,High,train,training
Final Dataset/training/Empty/9d5de124-9ba9-452b-a9c6-0e252f829c89.jpg,0,Empty,train,training
Final Dataset/training/Empty/a93a234e-c563-46b3-8409-d08a8b17cfe6.jpg,0,Empty,train,training
Final Dataset/training/Empty/b1039ae6-86e9-400f-a86c-219960c6d731.jpg,0,Empty,train,training
Final Dataset/training/Low/93f0594b-4593-4a9d-9e58-d615829814a5.jpg,1,Low,train,training
Final Dataset/training/Medium/8607cbc3-2d88-4667-abed-074ac80f3398.jpg,2,Medium,train,training
Final Dataset/training/Medium/afdded76-96ce-4e35-9c24-fd2c45e98706.jpg,2,Medium,train,training
Final Dataset/training/Empty/ca14886b-8029-4561-8cdf-4e86b302f212.jpg,0,Empty,train,training
Final Dataset/training/High/ce7558c7-a358-4288-a3d7-cc5a518f60aa.jpg,3,High,train,training
Final Dataset/testing/Empty/3cfad485-ac4e-4092-b2a7-ae127380e9d2.jpg,0,Empty,train,testing
Final Dataset/training/Traffic Jam/c73477ab-450e-41c4-831f-75676b952f2b.jpg,4,Traffic Jam,train,training
Final Dataset/training/Empty/06d587c4-dc4b-42ed-b50d-d4005ad0e03d.jpg,0,Empty,train,training
Final Dataset/training/Low/37626e7f-8462-4554-b247-7b94c606003a.jpg,1,Low,train,training
Final Dataset/training/Low/c303d93d-a443-468e-a5c4-b0d3a316a189.jpg,1,Low,train,training
Final Dataset/training/High/292e2fcd-3073-4b06-8e7b-e81813143522.jpg,3,High,train,training
Final Dataset/training/Empty/20c10782-fe3a-401d-93d7-5aa4ef21d1e4.jpg,0,Empty,train,training
Final Dataset/training/Low/0ab705ae-9088-4874-9d52-89ea18045d5d.jpg,1,Low,train,training
Final Dataset/training/Low/1100bb8a-bf54-4abe-97fa-5ee875fbfc59.jpg,1,Low,train,training
Final Dataset/training/Low/be6a3d7d-416e-4af0-921b-0ea2b3a0c09a.jpg,1,Low,train,training
Final Dataset/training/Empty/0497e997-d4dd-46f1-8af4-7bff76c7dce7.jpg,0,Empty,train,training
Final Dataset/training/Low/049e7e2e-b32d-4182-8a52-934d4e7f0c2a.jpg,1,Low,train,training
Final Dataset/training/Empty/9a29fc01-204d-4dd1-8709-78bb1f807ce3.jpg,0,Empty,train,training
Final Dataset/training/Low/41d5b4c8-b289-455e-8d4a-1e38309bdd44.jpg,1,Low,train,training
Final Dataset/validation/Empty/1e5c605a-9e08-4d24-9065-a22fb807f1af.jpg,0,Empty,train,validation
Final Dataset/training/Empty/56766dd3-b094-4bbe-be2b-bd6343542dca.jpg,0,Empty,train,training
Final Dataset/testing/High/6e15144c-97f9-4d15-b943-0b5ff7ff0893.jpg,3,High,train,testing
Final Dataset/training/Low/f61272bf-ad02-4e28-a104-233300b360e3.jpg,1,Low,train,training
Final Dataset/training/Low/5606afce-474c-40a2-9d41-5a91f3a5abeb.jpg,1,Low,train,training
Final Dataset/training/Low/7a54b983-4451-4641-8890-7e741b10ffe4.jpg,1,Low,train,training
Final Dataset/training/Low/08850cd5-17ea-4f37-8fd7-7f88bc253bb2.jpg,1,Low,train,training
Final Dataset/training/Low/454567e7-4e8e-4409-b80f-fbc51319dda2.jpg,1,Low,train,training
Final Dataset/training/Medium/f3331a8f-3d9f-4f03-af50-78fa154c59ec.jpg,2,Medium,train,training
Final Dataset/training/Low/453452bb-edee-403f-b8f3-1d5eb43f8870.jpg,1,Low,train,training
Final Dataset/training/Empty/fb00bf97-52e0-40fe-9acc-0f277d073bca.jpg,0,Empty,train,training
Final Dataset/testing/Medium/8bb3273b-397c-4178-95fc-4d11123d4a13.jpg,2,Medium,train,testing
Final Dataset/training/Low/7ed9a2f3-cb3c-44d7-808b-ce42314f1e9c.jpg,1,Low,train,training
Final Dataset/training/Traffic Jam/a4f4abc3-54b4-492a-bdf9-3d56a917520d.jpg,4,Traffic Jam,train,training
Final Dataset/training/Medium/e0541c3e-f4ff-4f17-9fbc-d74c18557a67.jpg,2,Medium,train,training
Final Dataset/training/Empty/b6df503c-3b74-4ca3-879c-033eb3733b44.jpg,0,Empty,train,training
Final Dataset/training/High/f5d6bda1-9c89-465c-9794-59cbff61fd43.jpg,3,High,train,training
Final Dataset/training/Empty/fac883e8-a74c-4019-a10c-d4ace6883c2e.jpg,0,Empty,train,training
Final Dataset/training/Empty/06fd98bc-076c-4307-8885-7a822056b0ee.jpg,0,Empty,train,training
Final Dataset/training/Low/d436ccf5-fa70-446f-80d9-79dbec30c364.jpg,1,Low,train,training
Final Dataset/training/Empty/d0745e95-8164-4e28-ab5f-f17e1ffaaada.jpg,0,Empty,train,training
Final Dataset/validation/Empty/3b8a2fc6-96f2-448e-97cc-4511189166dd.jpg,0,Empty,train,validation
Final Dataset/training/Low/8cab7fb2-6111-4459-8fcf-920ab0c39b34.jpg,1,Low,train,training
Final Dataset/training/Low/35d6942e-b5be-4f9a-8c6a-fd57cf1078e6.jpg,1,Low,train,training
Final Dataset/training/Empty/7820fb84-7577-4aa4-a0a9-5d665a22a4a3.jpg,0,Empty,train,training
Final Dataset/training/Traffic Jam/864b5a60-ee01-41b1-897c-9bd985691b07.jpg,4,Traffic Jam,train,training
Final Dataset/training/Low/cf420cc5-3a36-492b-9fc4-f0177477356f.jpg,1,Low,train,training
Final Dataset/training/Empty/fae0e688-b2ff-4463-bad2-8d1a6b2b6fb7.jpg,0,Empty,train,training
Final Dataset/training/Medium/24f8fa8f-99e1-4054-9bfc-c67a0ca3f6f2.jpg,2,Medium,train,training
Final Dataset/training/Traffic Jam/17c205f9-485d-415a-98da-09f38b1e94d9.jpg,4,Traffic Jam,train,training
Final Dataset/validation/High/0c39ca50-3e1c-4809-ab93-a72070be8db4.jpg,3,High,train,validation
Final Dataset/training/Empty/6b90edaf-6a2b-4dce-bb6e-13194a573e56.jpg,0,Empty,train,training
Final Dataset/training/Medium/45f12e9b-f0ab-401d-9ce5-08c4e6fa0e4c.jpg,2,Medium,train,training
Final Dataset/training/Medium/b103ea09-73d3-4827-8eb8-dac571cce3ab.jpg,2,Medium,train,training
Final Dataset/training/Medium/bcd7fb89-7403-4a7a-9deb-47483f609202.jpg,2,Medium,train,training
Final Dataset/testing/Traffic Jam/images113.jpg,4,Traffic Jam,train,testing
Final Dataset/training/Medium/6554d2c3-c5d3-47a7-a368-32a865fda267.jpg,2,Medium,train,training
Final Dataset/validation/Empty/2c6e6d21-55e0-44d0-a13b-5a06c84bdd0d.jpg,0,Empty,train,validation
Final Dataset/training/Empty/ec56b8a5-3b51-486f-81b4-1891b7a61256.jpg,0,Empty,train,training
Final Dataset/training/Empty/40fc87d1-2450-4a1c-9b9b-57fd3f12df96.jpg,0,Empty,train,training
Final Dataset/training/Empty/615059b2-7f26-4370-8e66-973403300472.jpg,0,Empty,train,training
Final Dataset/training/Low/66a04497-cc32-43ab-a3c5-433528ff553d.jpg,1,Low,train,training
Final Dataset/training/Empty/d585abe0-0c31-4eca-a09d-93949f0704e8.jpg,0,Empty,train,training
Final Dataset/training/Low/dbc36715-4851-4826-9d72-bb3839a27f68.jpg,1,Low,train,training
Final Dataset/testing/Empty/2a27b63f-6dd0-4f0e-97da-c928fc0b02d0(1).jpg,0,Empty,train,testing
Final Dataset/training/Medium/e9b99d88-0d2c-481c-a7e4-78944ce52977.jpg,2,Medium,train,training
Final Dataset/training/High/e59b32c8-0b07-477a-9665-049139505d49.jpg,3,High,train,training
Final Dataset/training/Low/92cf5664-8205-4988-b09a-deaae96bdc8f.jpg,1,Low,train,training
Final Dataset/testing/High/2d489551-00b6-40bf-982b-ad9bda97bb1e.jpg,3,High,train,testing
Final Dataset/training/Medium/45959f73-f7e5-4ed7-84be-09eb640aef8a.jpg,2,Medium,train,training
Final Dataset/training/Empty/7689b75c-db07-4220-ab05-a36ce90d79d5.jpg,0,Empty,train,training
Final Dataset/training/Empty/7b496458-4d49-4a06-b1f4-c0e67c4d3f87.jpg,0,Empty,train,training
Final Dataset/training/Empty/05dab526-51fa-443d-ac82-aa02d9db6aa0.jpg,0,Empty,train,training
Final Dataset/training/Empty/8e605605-ac48-47bf-9367-7fdfb96f93b5.jpg,0,Empty,train,training
Final Dataset/testing/Traffic Jam/2b45db94-c116-430e-ac6a-ad0c26f2415f.jpg,4,Traffic Jam,train,testing
Final Dataset/training/Empty/276653d4-3913-4a75-a6ab-6040732f5c60.jpg,0,Empty,train,training
Final Dataset/training/High/5bfb1901-d9dd-4ca7-b170-cf14fa129e43.jpg,3,High,train,training
Final Dataset/validation/High/0e2ee277-277f-4e75-a7f5-ec2eacd22abb.jpg,3,High,train,validation
Final Dataset/training/Empty/54df1f32-6630-4232-8ac3-ae0e08e5610f.jpg,0,Empty,train,training
Final Dataset/training/Empty/c8c66cd8-b4a6-4cdd-b614-b78e3b4e9c4a.jpg,0,Empty,train,training
Final Dataset/training/Medium/27ccf3a0-f5fc-430f-89d3-3c3c7152dd4b.jpg,2,Medium,train,training
Final Dataset/training/Low/27c80807-564d-40fd-9dba-cb668d418b4b.jpg,1,Low,train,training
Final Dataset/training/High/139723e0-05b0-4c9b-b349-2265956b812d.jpg,3,High,train,training
Final Dataset/training/Empty/5b0a066f-1f35-463a-b21f-b500c4253c8c.jpg,0,Empty,train,training
Final Dataset/validation/Empty/2a08bb61-e698-43a8-8fd6-eab259cd6633.jpg,0,Empty,train,validation
Final Dataset/training/Medium/788be2a8-cc5d-484f-95f7-e6e84b9937bb.jpg,2,Medium,train,training
Final Dataset/training/Empty/b9067db6-4814-4336-8255-81bd5885a541.jpg,0,Empty,train,training
Final Dataset/training/Empty/576c764a-d038-40fd-9da3-c9f093d13b6e.jpg,0,Empty,train,training
Final Dataset/validation/Low/9b6c120d-9a0a-4a85-ab2c-fd42edbc62c5.jpg,1,Low,train,validation
Final Dataset/validation/Empty/0b801bba-7d8a-4641-82dd-df9163d9c49c.jpg,0,Empty,train,validation
Final Dataset/training/Low/5d127b05-d365-48af-999d-16de4cbb6a7e.jpg,1,Low,train,training
Final Dataset/training/Empty/d96d8d24-7a8d-4e48-9ef2-e5c5b062b327.jpg,0,Empty,train,training
Final Dataset/testing/Empty/3afb983d-a3dd-49d8-8465-de08c5b101b7.jpg,0,Empty,train,testing
Final Dataset/training/Medium/498cf314-7023-4655-b1a5-d225c6a31622.jpg,2,Medium,train,training
Final Dataset/training/Low/d907d6ab-03e3-40bb-85ab-bd8487103241.jpg,1,Low,train,training
Final Dataset/validation/Empty/2dacd6e2-bce0-41a4-bfff-44ae7c014f5c.jpg,0,Empty,train,validation
Final Dataset/training/Medium/395e7320-5d0c-4c9d-a259-c465b24c6502.jpg,2,Medium,train,training
Final Dataset/training/Empty/3d41953b-e3ab-4cbd-9628-8fef6de31d74.jpg,0,Empty,train,training
Final Dataset/training/Medium/967e5e69-a817-42de-9716-d44e35bd855e.jpg,2,Medium,train,training
Final Dataset/training/Empty/572add3f-e90f-4cda-8dd8-bd0858423f3e.jpg,0,Empty,train,training
Final Dataset/training/Low/9f39d03a-a751-4b4e-8de7-8bd524cf96cc.jpg,1,Low,train,training
Final Dataset/training/Empty/5659724c-2dd6-44d0-95dc-da7dc28ca7b7.jpg,0,Empty,train,training
Final Dataset/training/Empty/8ab8dbc6-3bde-4c60-97ef-0bd5db60ea96.jpg,0,Empty,train,training
Final Dataset/testing/Empty/0ce1d078-fcbf-41cb-8124-753740253d58.jpg,0,Empty,train,testing
Final Dataset/training/Medium/52b16879-f7ae-49c8-b39e-3ab8314da32d.jpg,2,Medium,train,training
Final Dataset/training/Empty/721744a8-bec8-4639-9f0a-f49024650fcc.jpg,0,Empty,train,training
Final Dataset/training/Traffic Jam/f17c5553-bac6-44cf-95ce-20bd64728814.jpg,4,Traffic Jam,train,training
Final Dataset/training/Medium/33342c19-9703-44c1-ad8c-ff2aabf430a6 (1).jpg,2,Medium,train,training
Final Dataset/training/Medium/45729b8e-d330-4440-b644-e5db9dc63acc.jpg,2,Medium,train,training
Final Dataset/training/Empty/9c1a0a67-933f-4601-b4f1-9dbf8019ca1d.jpg,0,Empty,train,training
Final Dataset/training/Medium/f317f822-4a66-43ab-becc-c473755feb12.jpg,2,Medium,train,training
Final Dataset/training/Traffic Jam/f99a3d81-01b3-430f-a73e-6b918d626685.jpg,4,Traffic Jam,train,training
Final Dataset/training/Medium/dc4bfd83-93d2-46cc-9b69-9d4a27621c6c.jpg,2,Medium,train,training
Final Dataset/training/Low/71b6ba73-bb84-46e3-ba5b-35f94a2b4d2a.jpg,1,Low,train,training
Final Dataset/training/Low/29a9b159-dfc8-42ba-b94e-9225f98820f3.jpg,1,Low,train,training
Final Dataset/validation/Medium/3c6501ac-3f03-4b0c-b8cb-d1e3af51f1aa.jpg,2,Medium,train,validation
Final Dataset/testing/Empty/0cbd5303-a5c9-4e3c-ae33-310e06e49838.jpg,0,Empty,train,testing
Final Dataset/training/Low/c40d1303-77c3-45be-a743-1677eb333ab3.jpg,1,Low,train,training
Final Dataset/training/Low/5de53446-fdc8-40fe-9edb-fa4763a25be5.jpg,1,Low,train,training
Final Dataset/training/Empty/ff8d5ce9-077d-4d73-be35-0c9750677f0f.jpg,0,Empty,train,training
Final Dataset/training/Empty/a5b51b57-ea6a-4398-aa3c-b04bb32a806f.jpg,0,Empty,train,training
Final Dataset/training/Empty/027a2e94-3169-41b7-8505-898dbd536680.jpg,0,Empty,train,training
Final Dataset/training/Low/83791237-cbb8-499a-bdf1-d873f9e1cea3.jpg,1,Low,train,training
Final Dataset/training/Medium/db9c0e7c-f3c4-41fb-b850-d6fcff1bc7b4.jpg,2,Medium,train,training
Final Dataset/training/Medium/49609daf-15b5-4608-9d68-6d24ede75af3.jpg,2,Medium,train,training
Final Dataset/training/Empty/aab1d593-2ec3-414e-8bfa-cbd173492265.jpg,0,Empty,train,training
Final Dataset/validation/Empty/03f2b0e3-3305-4db6-90a6-b6b2e882da9a.jpg,0,Empty,train,validation
Final Dataset/training/High/30abb7ca-d7f8-47c8-b499-73531362aa17.jpg,3,High,train,training
Final Dataset/training/Empty/06963d38-48dc-4ecf-b5f0-14ce14505542.jpg,0,Empty,train,training
Final Dataset/testing/Traffic Jam/396814.jpg,4,Traffic Jam,train,testing
Final Dataset/training/Medium/91d78e22-ef6d-414d-a2cc-1459ec004327.jpg,2,Medium,train,training
Final Dataset/training/Medium/da1476a8-b04a-4e68-a48b-6ca108952ae0.jpg,2,Medium,train,training
Final Dataset/training/Empty/dc34401c-5739-4384-8be5-45e556b35c2b.jpg,0,Empty,train,training
Final Dataset/testing/Empty/0f12f082-c7ee-4f5c-b192-8b29ccd68192.jpg,0,Empty,train,testing
Final Dataset/training/Medium/da03a03a-7ba3-4d77-b2fd-f35f278649aa.jpg,2,Medium,train,training
Final Dataset/training/Empty/be60ffb1-6d91-42d6-b4de-10c7860aa8a1.jpg,0,Empty,train,training
Final Dataset/testing/Traffic Jam/3239052.jpg,4,Traffic Jam,train,testing
Final Dataset/validation/Medium/0e67cc3b-f08f-414c-800d-119c166ea21c.jpg,2,Medium,train,validation
Final Dataset/training/Empty/50a328c2-7ec8-4746-a83d-f16e23d446ab.jpg,0,Empty,train,training
Final Dataset/training/Empty/d5370473-34a5-4fda-8169-535b38dc2576.jpg,0,Empty,train,training
Final Dataset/testing/High/9bfc0d1b-9e61-410f-880e-cb5282b40b42(1).jpg,3,High,train,testing
Final Dataset/training/Low/ae7ec4e5-a06a-4890-9350-6fe1fa7629b4.jpg,1,Low,train,training
Final Dataset/training/Medium/a02758c9-9a85-4e93-b07b-2592f307bcfd.jpg,2,Medium,train,training
Final Dataset/training/Medium/d39da936-28b6-4797-aab0-f65b031d288f.jpg,2,Medium,train,training
Final Dataset/testing/Medium/4b64100c-d935-481c-8a4e-5892e87b2d89.jpg,2,Medium,train,testing
Final Dataset/training/Medium/f424f623-5514-4b59-b0fa-7913916bc225.jpg,2,Medium,train,training
Final Dataset/training/Empty/60221452-0d7b-4431-9308-2bbf3c0dab00.jpg,0,Empty,train,training
Final Dataset/training/Empty/9959646c-bf78-4199-8402-d3b2c462f1ee.jpg,0,Empty,train,training
Final Dataset/training/Traffic Jam/images47.jpg,4,Traffic Jam,train,training
Final Dataset/training/Empty/e8724e85-9d20-49a7-8d4d-0a622b63323e.jpg,0,Empty,train,training
Final Dataset/training/Medium/fbc8403b-3c8c-4dae-9d5e-af24690122e5.jpg,2,Medium,train,training
Final Dataset/training/Medium/58058dea-1534-4732-a659-d83494d71ac8.jpg,2,Medium,train,training
Final Dataset/training/Empty/7cba1e41-e7fd-4195-bb23-fb8246e6504f.jpg,0,Empty,train,training
Final Dataset/training/Low/335e5567-0881-49b1-98c0-87957a1f6ca1.jpg,1,Low,train,training
Final Dataset/testing/Traffic Jam/ca-times.brightspotcdn.com.jpg,4,Traffic Jam,train,testing
Final Dataset/training/Empty/06d80642-669b-48ad-b392-9df88f02d3ef.jpg,0,Empty,train,training
Final Dataset/training/Low/ff7d7c21-6915-44cc-8f12-2bd9dc7e17d4.jpg,1,Low,train,training
Final Dataset/training/Empty/7af4d908-ae21-42bb-996f-641ea555cc19.jpg,0,Empty,train,training
Final Dataset/training/Low/2797eb8e-34d2-41be-9f29-3847763ffe58.jpg,1,Low,train,training
Final Dataset/testing/Medium/3d5a4a04-66dd-4d57-98a4-2110fc84aaa6.jpg,2,Medium,train,testing
Final Dataset/training/Medium/11b5f4fd-2119-4e29-b195-81f7f0be78c9.jpg,2,Medium,train,training
Final Dataset/training/Low/e015f468-b4e5-43de-81cb-fdd88834e928.jpg,1,Low,train,training
Final Dataset/training/High/7c775207-01ec-4412-8483-fd95b0ac1adb.jpg,3,High,train,training
Final Dataset/training/Low/dbc8764f-5700-441e-923f-960e2da596e2.jpg,1,Low,train,training
Final Dataset/training/Traffic Jam/traffic-singapore-jam-morning-44783472.jpg,4,Traffic Jam,train,training
Final Dataset/testing/Empty/0a86cfa7-7b99-4ce7-8da8-42c51d2eafff.jpg,0,Empty,train,testing
Final Dataset/training/Empty/f25716fc-7098-487b-ab2c-adcbd42832df.jpg,0,Empty,train,training
Final Dataset/training/Empty/c9d2dff0-a8ce-4a40-9f7d-5a96a462dfb0.jpg,0,Empty,train,training
Final Dataset/training/Medium/f523d5c2-b506-43d5-935f-59c8f3af9c3a.jpg,2,Medium,train,training
Final Dataset/training/Empty/bac25972-0070-4fe9-b55d-eb6b561671a6.jpg,0,Empty,train,training
Final Dataset/training/Empty/f4ed4e5a-a9b0-4509-a07d-c72bf942b1c5.jpg,0,Empty,train,training
Final Dataset/training/Low/f77f6a51-bd78-4c31-a068-e03cdc6b45be.jpg,1,Low,train,training
Final Dataset/validation/High/1u1G4xuO3NTPWo6CAq2qDqA.jpeg,3,High,train,validation
Final Dataset/training/Medium/863532d7-7ab5-4275-9b01-430db56e98be.jpg,2,Medium,train,training
Final Dataset/training/Traffic Jam/151cd59d-02d3-4adf-882e-afecad0a0021.jpg,4,Traffic Jam,train,training
Final Dataset/testing/Medium/6e56d916-07d4-42c2-9a4e-e6aaf502bbd8.jpg,2,Medium,train,testing
Final Dataset/training/Empty/1136ab25-4a8a-47f3-9394-c44927041741.jpg,0,Empty,train,training
Final Dataset/training/Empty/8e216d15-dee6-4fb4-b525-e5ad6bdf98aa.jpg,0,Empty,train,training
Final Dataset/training/Medium/69bb1a01-1da9-46ed-853b-1a76108b8f6f.jpg,2,Medium,train,training
Final Dataset/testing/Empty/1bd1b4da-f4a1-4b93-a964-d94a7bb2db4b.jpg,0,Empty,train,testing
Final Dataset/training/Medium/f10a4477-9f30-4013-90da-d09904b84ce6.jpg,2,Medium,train,training
Final Dataset/training/Medium/a1464735-d12d-4b53-80fc-a2dcfe52b67e.jpg,2,Medium,train,training
Final Dataset/training/Empty/8eabd7c9-4e6a-42bb-9066-b83fdb73b5cc.jpg,0,Empty,train,training
Final Dataset/training/Empty/f8b12ac9-a375-4c25-b7e0-d3f24140e93a.jpg,0,Empty,train,training
Final Dataset/training/Low/8aef3854-d86d-4a47-849b-6defdcc85b97.jpg,1,Low,train,training
Final Dataset/training/Medium/97b5befe-648f-46b0-935b-e6bc68dbad61.jpg,2,Medium,train,training
Final Dataset/training/Medium/712c9b5c-bb48-4aef-af6e-d9fa52bd490e.jpg,2,Medium,train,training
Final Dataset/training/Medium/b5e8c494-153c-4bd8-ab52-9f0afc0f9bcc.jpg,2,Medium,train,training
Final Dataset/training/Low/966c7e55-25db-4a11-9b96-e0f74e132c5c.jpg,1,Low,train,training
Final Dataset/testing/Low/1ae759ab-7e37-4cff-83b4-53b32c16f764.jpg,1,Low,train,testing
Final Dataset/training/Traffic Jam/images24.jpg,4,Traffic Jam,train,training
Final Dataset/training/High/fcddd7bd-89e5-42b4-a8c0-3b7027f10bf9.jpg,3,High,train,training
Final Dataset/training/Low/51016a5b-e5e4-4976-b06d-7b5ed973f8e1.jpg,1,Low,train,training
Final Dataset/training/Low/f1ea5b94-690e-45ca-83ae-a0be7a576865.jpg,1,Low,train,training
Final Dataset/validation/Medium/1ccac1fd-dc89-4b1f-9763-ab3a9e44e1a9.jpg,2,Medium,train,validation
Final Dataset/training/Empty/47eb20f7-a6c5-483a-8dc0-5d8731979fa9.jpg,0,Empty,train,training
Final Dataset/training/Low/cecbd229-c38d-4f3e-88ad-a21ede66243c.jpg,1,Low,train,training
Final Dataset/training/Low/9b42c966-b950-44d0-bd60-73009448c754.jpg,1,Low,train,training
Final Dataset/training/Low/55ce3a21-7939-4aa1-968f-c705a8c68fd4.jpg,1,Low,train,training
Final Dataset/training/Traffic Jam/8e943ddb-096f-4ccf-acfe-68fd7da3a990.jpg,4,Traffic Jam,train,training
Final Dataset/training/High/a88afe65-3f62-4a08-8d21-4283e446996a.jpg,3,High,train,training
Final Dataset/training/Empty/c2c8fcae-b63b-4152-a831-6c7ab135448a.jpg,0,Empty,train,training
Final Dataset/training/Empty/a960fb2a-279f-439f-a28a-f9e30c115051.jpg,0,Empty,train,training
Final Dataset/training/Empty/368f25b7-c794-41ff-9bb6-2849f1e5acb2.jpg,0,Empty,train,training
Final Dataset/training/Empty/5630e26b-2e22-42bd-b725-852daae6627d.jpg,0,Empty,train,training
Final Dataset/training/Low/ef8f6931-6067-4ca2-88c8-9400e7ad13c9.jpg,1,Low,train,training
Final Dataset/training/Empty/8342619f-b496-41c4-a320-3fe8f072d5e0.jpg,0,Empty,train,training
Final Dataset/training/Low/bdf2a1d9-c54c-40b1-90b9-ee8a6968761d.jpg,1,Low,train,training
Final Dataset/testing/Medium/0ff08ba0-1474-4153-a418-292505e84c28.jpg,2,Medium,train,testing
Final Dataset/training/Medium/870a5ce8-1cf9-41af-804c-8c187e613390.jpg,2,Medium,train,training
Final Dataset/training/Low/e5b7d031-3b5f-49c1-8192-f689b40d1886.jpg,1,Low,train,training
Final Dataset/training/Empty/48083d66-2cd7-49df-972f-c75751133edb.jpg,0,Empty,train,training
Final Dataset/validation/Medium/3bb6d58b-6434-4acf-9850-4d49e7cc7638.jpg,2,Medium,train,validation
Final Dataset/training/Low/8e75f7c1-25af-4e2f-bf53-575ae04d05b9.jpg,1,Low,train,training
Final Dataset/training/Empty/99bacdf8-9cad-47b2-b225-0a014949c789.jpg,0,Empty,train,training
Final Dataset/training/Empty/8e636a58-cf93-4fc4-811a-86d107c8f308.jpg,0,Empty,train,training
Final Dataset/training/Empty/5fb94135-ed90-47d2-8d95-fefe21dc1ede.jpg,0,Empty,train,training
Final Dataset/testing/Traffic Jam/4241a2a2-8fe9-478e-b139-74798ffe2214.jpg,4,Traffic Jam,train,testing
Final Dataset/training/Low/219c9334-ee34-4fc5-828e-815262e465ab.jpg,1,Low,train,training
Final Dataset/training/Low/53deb9de-92ba-4fcf-885f-c3903a3e0f72.jpg,1,Low,train,training
Final Dataset/training/Empty/fd19e592-1f9c-4de3-ac1e-befed491e748.jpg,0,Empty,train,training
Final Dataset/training/High/712228af-dff6-4c4a-bfd1-747a94ef96ee.jpg,3,High,train,training
Final Dataset/training/Empty/4b49da3e-8b2a-478f-a851-13e4c0054072.jpg,0,Empty,train,training
Final Dataset/training/Low/d1a708f4-9048-4b58-8095-dd1a8afd4d51.jpg,1,Low,train,training
Final Dataset/training/Empty/7ed36186-9ea2-4609-8fd9-e9bbb061234e.jpg,0,Empty,train,training
Final Dataset/training/Empty/306cfff2-410a-405b-a516-2be485adf530.jpg,0,Empty,train,training
Final Dataset/training/Empty/235d6594-cd3e-4f70-9914-9241d50dfa17.jpg,0,Empty,train,training
Final Dataset/testing/High/3dbb6755-ab28-4c0d-be66-ec36f90d1ed8.jpg,3,High,train,testing
Final Dataset/training/Medium/8927d51d-6420-4974-bb3d-3e835073a8d3.jpg,2,Medium,train,training
Final Dataset/training/Medium/d0fbfd95-88ca-4775-8fef-5575860c9d29.jpg,2,Medium,train,training
Final Dataset/training/Empty/8a84928d-3f90-4a58-90f6-e242aa0d4826.jpg,0,Empty,train,training
Final Dataset/training/Traffic Jam/d200011d-cac8-483a-a281-14a380b8b086.jpg,4,Traffic Jam,train,training
Final Dataset/training/Medium/f911a844-8ee5-4b9b-ad93-c2f7ed878bcd.jpg,2,Medium,train,training
Final Dataset/testing/Empty/0ea0c5b0-0ab5-439c-b110-3b2594a1a362.jpg,0,Empty,train,testing
Final Dataset/training/Low/c5e4a00e-f780-4d48-a7b6-e22d9a15051d.jpg,1,Low,train,training
Final Dataset/training/Traffic Jam/images6.jpg,4,Traffic Jam,train,training
Final Dataset/training/Low/78134902-d22f-4881-9dfa-ad7dc03f8c63.jpg,1,Low,train,training
Final Dataset/training/Low/f7dea88b-0209-44a7-bf37-5047563c8a4c.jpg,1,Low,train,training
Final Dataset/training/Traffic Jam/1527695198.jpg,4,Traffic Jam,train,training
Final Dataset/training/High/981e1d22-94ec-4443-8784-7a6af7910b61.jpg,3,High,train,training
Final Dataset/training/High/82057f81-dda2-464d-bfe7-b19e8b5f2dfe.jpg,3,High,train,training
Final Dataset/training/High/34e0f8cc-f79a-44f7-90dc-e857e51b4582.jpg,3,High,train,training
Final Dataset/training/Low/dcbe2a4a-7215-40a0-9c11-c9681b79fa4f.jpg,1,Low,train,training
Final Dataset/training/Low/6806666e-384f-4a91-a97c-b7b0ed6e634e.jpg,1,Low,train,training
Final Dataset/training/Empty/ce86e8d3-2ca5-4825-aeea-d4b842e6f6c5.jpg,0,Empty,train,training
Final Dataset/training/Medium/c046ef65-e711-4843-9e60-c162c3f31d08.jpg,2,Medium,train,training
Final Dataset/training/Low/9852eb03-a8e2-471f-9803-e1f8374f5637.jpg,1,Low,train,training
Final Dataset/training/Low/981cae61-e9dd-4a42-b36e-27022308095e.jpg,1,Low,train,training
Final Dataset/training/Empty/9318c228-8c43-47bc-a45c-73f72ef41c54.jpg,0,Empty,train,training
Final Dataset/training/Low/de97b947-3da0-4a49-8264-a48176f1b139.jpg,1,Low,train,training
Final Dataset/validation/Medium/8f7dee20-36a3-4fcc-9459-945d888251f5.jpg,2,Medium,train,validation
Final Dataset/training/Medium/cefb1032-9e43-4a9e-96a0-8d976f46bb53.jpg,2,Medium,train,training
Final Dataset/training/Empty/ee071a2d-db6a-4fb8-a005-f553677b95dd.jpg,0,Empty,train,training
Final Dataset/testing/Empty/0ecc158e-a9ed-4449-9a07-dd3f3ee97fff.jpg,0,Empty,train,testing
Final Dataset/testing/Medium/3de21f65-79a5-4ef5-b69b-4e80bcb29a8c.jpg,2,Medium,train,testing
Final Dataset/training/Low/80b58841-b022-4db8-8a1f-d4c1538c7e93.jpg,1,Low,train,training
Final Dataset/training/High/031b4a5b-e881-4ffa-bfd8-ae5e30113d95.jpg,3,High,train,training
Final Dataset/training/Medium/e07f36a2-9313-4637-936d-4245766d9fde.jpg,2,Medium,train,training
Final Dataset/training/Empty/ea794766-68cd-41db-8a7a-8aa92fe32eff.jpg,0,Empty,train,training
Final Dataset/training/High/8bb62fde-a146-40ca-beda-ff7c2a0dd3d1.jpg,3,High,train,training
Final Dataset/training/Medium/c635c884-1eca-4ee0-a64c-c9c72d8a47ae.jpg,2,Medium,train,training
Final Dataset/training/Low/634bddee-3786-459c-aa89-7f11990fc935.jpg,1,Low,train,training
Final Dataset/training/Low/0855434f-825d-4d2a-a20f-27c607476751.jpg,1,Low,train,training
Final Dataset/validation/Low/5ade1aae-266e-4c59-a4e2-3fe80e652aba.jpg,1,Low,train,validation
Final Dataset/testing/Medium/8ba885c7-c9d6-465e-b6cf-ba8a1580f22d.jpg,2,Medium,train,testing
Final Dataset/training/High/382b6ae5-2eaa-4f3e-b1d4-77e497353bcc.jpg,3,High,train,training
Final Dataset/training/Medium/c499e083-05a1-4a06-b391-f7a8f398553f.jpg,2,Medium,train,training
Final Dataset/training/Medium/0442564d-8258-4e5a-9620-97c2cb3ee4ae.jpg,2,Medium,train,training
Final Dataset/training/Empty/0dd37e9f-8fb2-4693-902f-e32667ab430b.jpg,0,Empty,train,training
Final Dataset/training/High/298edc14-688b-4028-840a-cef23b317513 (1).jpg,3,High,train,training
Final Dataset/training/Empty/d9b2acd7-b884-4df2-9358-4f0792bfcaa7.jpg,0,Empty,train,training
Final Dataset/training/Low/ec2dbb9d-b756-4e76-a6a6-dc4d95819232.jpg,1,Low,train,training
Final Dataset/training/Empty/7668e405-d595-4694-bf9c-0cc3bd7c9fed.jpg,0,Empty,train,training
Final Dataset/training/Medium/e2827237-8669-47c2-b1a5-ea24962c4395.jpg,2,Medium,train,training
Final Dataset/testing/Empty/2f1608f2-0618-44b8-81ed-dc05b971ae57.jpg,0,Empty,train,testing
Final Dataset/training/Empty/9d286ae3-43fd-44f7-8998-c8b5f2dae3c3.jpg,0,Empty,train,training
Final Dataset/training/Empty/f134f0ca-f4aa-4c93-b45d-3d00b59a37ea.jpg,0,Empty,train,training
Final Dataset/testing/Empty/3a0f27aa-f592-4cbe-a9e2-7ffa5f457532.jpg,0,Empty,train,testing
Final Dataset/testing/Empty/1b861c63-0dec-4d1b-898f-baef5ecc4253.jpg,0,Empty,train,testing
Final Dataset/testing/Medium/4e9e20c8-cf45-41d7-b8a5-422316703422.jpg,2,Medium,train,testing
Final Dataset/testing/Empty/2fd52e68-7fa9-4a89-add8-ca3d76de125b.jpg,0,Empty,train,testing
Final Dataset/training/Low/ce396c98-5789-4efc-bed8-975cb153973e.jpg,1,Low,train,training
Final Dataset/validation/High/1c58b231-6c2f-40ed-9326-6371f1b69f3c.jpg,3,High,train,validation
Final Dataset/training/Traffic Jam/images (2).jpg,4,Traffic Jam,train,training
Final Dataset/training/Medium/8d870cdc-42a5-4de8-8e46-5cbf77529b27.jpg,2,Medium,train,training
Final Dataset/training/Low/b3db5449-908c-4b3f-a135-dab41f9d1c45.jpg,1,Low,train,training
Final Dataset/training/Low/e21fa4b8-c401-4474-abbd-573df8a8fabc.jpg,1,Low,train,training
Final Dataset/training/Traffic Jam/fee0d224-18c9-4524-8e55-fbe9545f391c.jpg,4,Traffic Jam,train,training
Final Dataset/training/Low/b5c95ea2-7b9a-4eb6-9a99-94d13707550d.jpg,1,Low,train,training
Final Dataset/training/Traffic Jam/images50 (2).jpg,4,Traffic Jam,train,training
Final Dataset/training/Traffic Jam/a5dbd204-212a-436a-a029-2f40caf41d75.jpg,4,Traffic Jam,train,training
Final Dataset/training/Empty/495a5a97-d135-471f-9f0f-ee7a7603813c.jpg,0,Empty,train,training
Final Dataset/training/Low/614790b6-e78d-49a4-b6ac-fd1dc924789c.jpg,1,Low,train,training
Final Dataset/training/Empty/c3e15480-ed52-4060-adb9-43bb02f995be.jpg,0,Empty,train,training
Final Dataset/training/Traffic Jam/dreamstime_s_21795079.jpg,4,Traffic Jam,train,training
Final Dataset/training/Low/22b159a0-4c45-4699-91de-71d6d61472d8.jpg,1,Low,train,training
Final Dataset/training/Low/987ad843-e6ac-4715-a73b-a60141e7ab5d.jpg,1,Low,train,training
Final Dataset/training/Empty/39f0e895-5e8d-4aec-8890-18b30b604164.jpg,0,Empty,train,training
Final Dataset/training/Low/942bf675-7e96-4ef2-b469-fadbaba46f25.jpg,1,Low,train,training
Final Dataset/training/Low/e64aaba2-2eaa-42dd-a47d-82962d77ab6e.jpg,1,Low,train,training
Final Dataset/testing/High/0b7982ba-7a8d-40ac-a161-9dff818962f8.jpg,3,High,train,testing
Final Dataset/training/Low/aea69227-f7ee-46ca-8405-d8205370a310.jpg,1,Low,train,training
Final Dataset/training/High/37922c2f-6130-4dab-9edb-ba9d93f36dbb.jpg,3,High,train,training
Final Dataset/training/Low/48743de5-c06a-4423-ad1d-901be6405e77.jpg,1,Low,train,training
Final Dataset/validation/Empty/2cbe806f-5d6e-48a8-b6f4-233beebb2f90.jpg,0,Empty,train,validation
Final Dataset/training/High/db8c92a5-8d5f-4eab-92e0-730f4d2bdc88.jpg,3,High,train,training
Final Dataset/testing/Medium/1b042e7b-02b9-4a67-9e8a-0bb7708d72a3.jpg,2,Medium,train,testing
Final Dataset/training/Low/98e6bc95-647e-4604-82fe-093f03260bee.jpg,1,Low,train,training
Final Dataset/testing/Medium/0d9b6569-673a-4732-972d-3bf7504ca033.jpg,2,Medium,train,testing
Final Dataset/testing/Low/1b51a2ff-ecff-46bd-b78c-7d4e9a2bd0df.jpg,1,Low,train,testing
Final Dataset/training/Low/792f86d5-9356-4469-ac6b-884da8616ca7.jpg,1,Low,train,training
Final Dataset/training/Medium/2d663eed-f12a-4383-8a04-76ef26fd1f32.jpg,2,Medium,train,training
Final Dataset/training/Medium/05452b68-cd98-4258-b8a2-eb52de3be8a6.jpg,2,Medium,train,training
Final Dataset/training/Medium/5be51ba2-f132-4dc6-bb8a-e8a06bf4ef39.jpg,2,Medium,train,training
Final Dataset/training/Medium/3866083a-0913-479c-9af6-d6741aa47276.jpg,2,Medium,train,training
Final Dataset/training/Medium/c11f74ce-50e9-456b-9171-72ee53cd4040.jpg,2,Medium,train,training
Final Dataset/validation/Low/5b01ed48-df91-474a-9620-2774d479be34.jpg,1,Low,train,validation
Final Dataset/training/High/487f901a-c6de-460f-895b-e0306cd9f3d7.jpg,3,High,train,training
Final Dataset/training/Medium/fd5780ad-e3c1-40cd-bd8e-09183181f730.jpg,2,Medium,train,training
Final Dataset/training/Medium/6f6e9c21-697f-4ddf-9641-883263570e2b.jpg,2,Medium,train,training
Final Dataset/training/Empty/f3ceaf1c-fcbb-4bee-96ce-d417157ebb99.jpg,0,Empty,train,training
Final Dataset/training/Empty/319da62c-c131-49c1-ac23-70ae6a96ae37.jpg,0,Empty,train,training
Final Dataset/training/High/41ba4a46-f68c-43e1-8ba9-26f2f487b33f.jpg,3,High,train,training
Final Dataset/testing/Traffic Jam/images122.jpg,4,Traffic Jam,train,testing
Final Dataset/training/High/248d5568-b1b2-4c37-9937-06461e2c5d07.jpg,3,High,train,training
Final Dataset/training/Low/7ed6a28e-cfd0-4696-802d-2225be9f14e9.jpg,1,Low,train,training
Final Dataset/training/Empty/da66f069-77d9-4e71-b6a6-ce25381ad892.jpg,0,Empty,train,training
Final Dataset/training/Empty/900a36f6-01bd-4844-b995-be5c343440f4.jpg,0,Empty,train,training
Final Dataset/training/Empty/4613dc63-d334-4a19-8709-45f10a150ffd.jpg,0,Empty,train,training
Final Dataset/training/Empty/2ab4f506-faa0-4be1-ac74-7ab42dcd93c4.jpg,0,Empty,train,training
Final Dataset/training/Low/b105721f-e11c-4574-a395-17bf91af8415.jpg,1,Low,train,training
Final Dataset/training/Empty/96d1c977-e015-48ee-a99c-4bacf6ad06c6.jpg,0,Empty,train,training
Final Dataset/testing/Traffic Jam/9253e73d-74bd-4c0e-aa51-a4baf64c15d5.jpg,4,Traffic Jam,train,testing
Final Dataset/training/Traffic Jam/91376416-3f92-4f34-9f7c-f1bc8fc4b0a0.jpg,4,Traffic Jam,train,training
Final Dataset/training/Medium/4bda3652-79a7-4950-b96a-dce60799bd10.jpg,2,Medium,train,training
Final Dataset/training/High/2334d831-0df5-457f-8eb9-6e653858f303.jpg,3,High,train,training
Final Dataset/testing/Low/4dddd12d-f8d8-4597-87c6-0a80a8277750.jpg,1,Low,train,testing
Final Dataset/training/Traffic Jam/images90.jpg,4,Traffic Jam,train,training
Final Dataset/training/Empty/79ec009c-317a-4aaa-b36c-b5936a98c74e.jpg,0,Empty,train,training
Final Dataset/training/Low/b4603ae6-83f0-4422-ba42-973fafcbc3c9.jpg,1,Low,train,training
Final Dataset/training/Medium/c347b1b9-2201-4278-887c-df7c17a0ac82.jpg,2,Medium,train,training
Final Dataset/training/Medium/5a739678-6fde-414f-ae20-3604988f5908.jpg,2,Medium,train,training
Final Dataset/training/Low/c3e6fa6f-29b1-4e4d-8bf0-38c5a72f2a10.jpg,1,Low,train,training
Final Dataset/training/Traffic Jam/image27.jpeg,4,Traffic Jam,train,training
Final Dataset/training/Low/20106587-546a-4a8f-9138-20ce219e2b75.jpg,1,Low,train,training
Final Dataset/training/Medium/78511653-be23-42d1-9947-6166edde6119.jpg,2,Medium,train,training
Final Dataset/training/High/5067db74-1c7c-46ad-8f3d-ea233aa080fb.jpg,3,High,train,training
Final Dataset/training/Medium/f12e6d64-b872-4f8a-bd87-a0a0bb98e88f.jpg,2,Medium,train,training
Final Dataset/training/Low/e9959492-b763-4736-a6a8-f2b77884061b.jpg,1,Low,train,training
Final Dataset/testing/High/17e2ba45-7d7e-4ad1-8a9b-228af411b5fc.jpg,3,High,train,testing
Final Dataset/training/Medium/864350fe-3570-4f33-9330-fd74f9b7340a.jpg,2,Medium,train,training
Final Dataset/training/Medium/5dc22dd8-076b-4f2b-bd3c-15850e93c2ad.jpg,2,Medium,train,training
Final Dataset/training/Empty/464da03e-f508-454f-b40f-b3e943adb340.jpg,0,Empty,train,training
Final Dataset/training/Low/a6e94665-1bdb-489f-84d9-ef82bf00b091.jpg,1,Low,train,training
Final Dataset/training/Low/3f29c6e9-d2d9-48b8-96a7-bcfb373fae51.jpg,1,Low,train,training
Final Dataset/training/Traffic Jam/59a421b3-9747-4743-895e-604779b54537.jpg,4,Traffic Jam,train,training
Final Dataset/training/High/cb9e163b-502d-4bfc-b170-b48e4a6e8883.jpg,3,High,train,training
Final Dataset/training/Low/d9b73e38-b9ed-48ef-b7d0-8591adb3f3e5.jpg,1,Low,train,training
Final Dataset/training/Empty/f9f3c816-da9d-4487-beeb-d77e303de9ad.jpg,0,Empty,train,training
Final Dataset/training/Medium/c3392d3f-9432-4002-9d7d-e6bb87529419.jpg,2,Medium,train,training
Final Dataset/training/Medium/c9961b7f-ed30-43e0-bcc2-044846067f9d.jpg,2,Medium,train,training
Final Dataset/training/Traffic Jam/72dbb6c9-0da9-4da1-a025-b8f0a8b22a7c.jpg,4,Traffic Jam,train,training
Final Dataset/training/Empty/459ae5fe-75c2-43df-b4ae-aa15c9731240.jpg,0,Empty,train,training
Final Dataset/training/Empty/54538954-a900-4027-95ac-0baa1a023a9e.jpg,0,Empty,train,training
Final Dataset/training/Medium/1cef711e-5f0f-40fc-a8c4-d7a710d5e177.jpg,2,Medium,train,training
Final Dataset/training/Empty/320e4d34-ded0-429f-9fd7-330c46a55f7a.jpg,0,Empty,train,training
Final Dataset/training/Low/85489c85-c933-4932-9a65-7ea76b70a867.jpg,1,Low,train,training
Final Dataset/validation/Low/9ccadeb0-6db6-4b38-80a5-15f79ada51a6.jpg,1,Low,train,validation
Final Dataset/training/Empty/45936223-1e86-463b-89ba-bc7a34c21f6e.jpg,0,Empty,train,training
Final Dataset/training/Medium/fe5cf66f-55b3-4c17-a612-568d0fcb43a0.jpg,2,Medium,train,training
Final Dataset/training/Low/1315076d-e9a4-48f3-9dcd-c295f2c62fc6.jpg,1,Low,train,training
Final Dataset/testing/Medium/1cd9826e-5e83-44b0-b21d-d2fa746a9046.jpg,2,Medium,train,testing
Final Dataset/validation/Medium/2b013abc-5a2b-43cf-b9e9-18a4c460aa1a.jpg,2,Medium,train,validation
Final Dataset/testing/Traffic Jam/0bacda81-8bac-4d6b-86ec-c75d35bf900a.jpg,4,Traffic Jam,train,testing
Final Dataset/training/Empty/a27ddf0e-7ac2-4ee2-9212-eea02c0cccc1.jpg,0,Empty,train,training
Final Dataset/training/Low/8bf3eb94-e232-4876-b4e7-e516a6a8eb25.jpg,1,Low,train,training
Final Dataset/training/High/677322e4-7912-4b9c-8d29-8a85fa32610e.jpg,3,High,train,training
Final Dataset/training/Medium/ac182d23-79e9-4222-8333-374cdd49f42e.jpg,2,Medium,train,training
Final Dataset/training/Medium/94b6d587-8110-4148-ad00-edd73327aed5.jpg,2,Medium,train,training
Final Dataset/training/Traffic Jam/gurgaon-traffic.jpg.image.470.274.jpg,4,Traffic Jam,train,training
Final Dataset/training/Empty/85860acf-75f2-4a5e-a1d8-c1cf740837c0.jpg,0,Empty,train,training
Final Dataset/training/Low/f26c6f61-61bc-4ec1-a9b2-51eacf8c0b60.jpg,1,Low,train,training
Final Dataset/training/Medium/39a172df-5927-44e9-b694-2165b83527c3.jpg,2,Medium,train,training
Final Dataset/training/Empty/31858a07-8b26-4d33-ba9e-f4f30d70a3d6.jpg,0,Empty,train,training
Final Dataset/validation/Low/8ed1475b-e6b6-4f0f-895a-945535fb021b.jpg,1,Low,train,validation
Final Dataset/training/Empty/8a950792-2b7f-40d3-9f6e-8c577710d96d.jpg,0,Empty,train,training
Final Dataset/training/Medium/41c87bfe-635f-421c-94e7-253d02701e33.jpg,2,Medium,train,training
Final Dataset/training/Empty/993d780e-8188-4487-baa0-4c41ea2d030f.jpg,0,Empty,train,training
Final Dataset/training/Medium/50e592d1-d33a-4247-81da-8c2106927b3f.jpg,2,Medium,train,training
Final Dataset/training/Low/56c14a81-cd76-40bf-b12c-da16abc80c99.jpg,1,Low,train,training
Final Dataset/training/Empty/f17702b5-0e9e-4048-9573-160aae717f90.jpg,0,Empty,train,training
Final Dataset/training/Low/694699c4-19b9-493a-ac53-eaae8768cb35.jpg,1,Low,train,training
Final Dataset/validation/Low/5d8eb623-22d2-4c98-9cc8-fbb2b1b5f3d8.jpg,1,Low,train,validation
Final Dataset/training/High/728e4e2a-171e-4128-8fe7-96ff0b7d5c32.jpg,3,High,train,training
Final Dataset/training/Low/3f600e45-3dff-4135-b6c4-fb949bd1a472.jpg,1,Low,train,training
Final Dataset/training/Medium/3189fb5d-d891-47b4-86f4-60d38e5404fc.jpg,2,Medium,train,training
Final Dataset/training/Medium/547ede0a-f057-446c-8fc7-e78c28926119.jpg,2,Medium,train,training
Final Dataset/training/Low/586ea3d7-c99d-4d61-83d2-a7d9450ffe9a.jpg,1,Low,train,training
Final Dataset/testing/High/0bbd3d0a-da15-46d1-82df-fc29497f3a77.jpg,3,High,train,testing
Final Dataset/training/High/55f8a32b-5944-4d87-b107-566493ef79e0.jpg,3,High,train,training
Final Dataset/training/Traffic Jam/c668829e-dada-4d57-a3b0-892b1f72e1de.jpg,4,Traffic Jam,train,training
Final Dataset/training/Empty/07dc8069-eb19-4ea4-8bf6-b410b1bab4e9.jpg,0,Empty,train,training
Final Dataset/training/Low/2727d81d-f7a2-4ad2-98d0-1911fb9f4330.jpg,1,Low,train,training
Final Dataset/training/Empty/a0aa97f6-7363-45d6-803b-31c1d0f6ab3b.jpg,0,Empty,train,training
Final Dataset/validation/Low/5d842738-0a94-4a63-8ee9-dcdec75e0f70.jpg,1,Low,train,validation
Final Dataset/training/Low/b77fb756-5cfa-4221-9d07-a38eab490036.jpg,1,Low,train,training
Final Dataset/validation/Traffic Jam/894ef4e3-9f1a-4cae-92dd-077e8e6a3985.jpg,4,Traffic Jam,train,validation
Final Dataset/testing/Empty/0d040d35-6fe3-48f9-a87f-0d8b216c2587.jpg,0,Empty,train,testing
Final Dataset/training/High/63d2e946-d78e-4d92-8893-f225d0c2ba2e.jpg,3,High,train,training
Final Dataset/training/Low/b45e55d0-154c-4b8d-814d-807c70ff5b87.jpg,1,Low,train,training
Final Dataset/training/Empty/35181c66-9933-412b-8f0e-fcee64466cd9.jpg,0,Empty,train,training
Final Dataset/training/Empty/cca4b2b0-b030-4d0c-b6a4-12227288f9e7.jpg,0,Empty,train,training
Final Dataset/testing/High/3f37f387-e74b-431b-b91f-f4da4916a8f9.jpg,3,High,train,testing
Final Dataset/training/Medium/de4fa299-aa3f-49aa-bd7e-2a297d36d9de.jpg,2,Medium,train,training
Final Dataset/training/Low/917abd36-c8c4-4d06-9ab5-a73d42bd4be5.jpg,1,Low,train,training
Final Dataset/training/Empty/ef83ef49-3645-4c5b-ab0f-4e3ca5661204.jpg,0,Empty,train,training
Final Dataset/training/Low/59ce3b07-bdba-4833-bd7b-9077fb7272dd.jpg,1,Low,train,training
Final Dataset/training/High/ff081e2e-61ed-42d2-94d5-a00bfa123fdf.jpg,3,High,train,training
Final Dataset/training/Empty/9ef79061-61e3-420e-bfac-fc5176c9c4a0.jpg,0,Empty,train,training
Final Dataset/training/Low/3fdb77a3-3a85-45c0-acc2-dd0b20a0e395.jpg,1,Low,train,training
Final Dataset/training/Medium/f6711f84-6a83-44ff-959f-c1f7ca816239.jpg,2,Medium,train,training
Final Dataset/training/Low/3273c0fd-290e-426f-9dac-b1f39b142316.jpg,1,Low,train,training
Final Dataset/training/High/97f70981-1aa0-495e-83d8-a9f752cc002e.jpg,3,High,train,training
Final Dataset/training/Empty/34baeb6e-897b-4d80-ab1c-c0b260c1409d.jpg,0,Empty,train,training
Final Dataset/training/Empty/62c87efb-cf0d-4be4-a9ca-f859bf76900f.jpg,0,Empty,train,training
Final Dataset/validation/Empty/0f31db4b-d6ec-444c-b181-f361034311db.jpg,0,Empty,train,validation
Final Dataset/training/Empty/02be0428-a284-4663-ac7d-b817d31ccbfb.jpg,0,Empty,train,training
Final Dataset/training/Low/2432afbb-f4b4-447c-a249-43cf204fb611.jpg,1,Low,train,training
Final Dataset/training/Low/f7f8bdbf-10e8-476d-9833-0b9adcf09356.jpg,1,Low,train,training
Final Dataset/training/Empty/e0b5904f-826f-4b44-8f50-4e8650caafc3.jpg,0,Empty,train,training
Final Dataset/training/Low/185d7451-c821-4c09-aa49-746cf4417603.jpg,1,Low,train,training
Final Dataset/testing/Traffic Jam/09535c16-f11f-4c01-b5f3-af7dc56e80b5(1).jpg,4,Traffic Jam,train,testing
Final Dataset/testing/Empty/3b25c90d-5760-4e90-a7c3-ed833ce0702e.jpg,0,Empty,train,testing
Final Dataset/training/High/fb307b0b-8743-4f92-8a21-1cb60418dece.jpg,3,High,train,training
Final Dataset/training/High/55e47a32-cf52-4ddb-b24c-1115ba473572.jpg,3,High,train,training
Final Dataset/training/Empty/87a20754-f179-477f-94f6-548e5da34518.jpg,0,Empty,train,training
Final Dataset/training/Empty/d1cd4975-50d0-4fce-8ca0-e9c0e44006fe.jpg,0,Empty,train,training
Final Dataset/training/Medium/031e6f4c-e48d-4449-a9dc-c5199ec7ef22.jpg,2,Medium,train,training
Final Dataset/training/Low/86d85ba4-3359-4e16-a841-ab362eb8c8fa.jpg,1,Low,train,training
Final Dataset/training/High/41852258-aac1-4f70-8435-222ff88716b3.jpg,3,High,train,training
Final Dataset/training/Low/790314aa-6654-41f9-8452-3036d168a3be.jpg,1,Low,train,training
Final Dataset/training/Empty/271b3502-a632-4257-8534-f7e9971f8218.jpg,0,Empty,train,training
Final Dataset/training/Empty/716a6c61-a4c7-4bd6-98cf-bc7ef9eeab8d.jpg,0,Empty,train,training
Final Dataset/training/Empty/3980b703-ff2e-42d2-93c4-2bd21f1f757e.jpg,0,Empty,train,training
Final Dataset/training/Empty/47e97345-f43c-44ce-b582-46e20be39576.jpg,0,Empty,train,training
Final Dataset/testing/Empty/2bd2cfba-411b-44ec-8e0c-97d54a6d461d.jpg,0,Empty,train,testing
Final Dataset/training/Empty/b96f591a-b241-4fe3-b8d5-75d08039019b.jpg,0,Empty,train,training
Final Dataset/training/Low/562152bc-739d-4adf-8cc4-52980557b548.jpg,1,Low,train,training
Final Dataset/training/Medium/ace00197-ddad-4557-aa0f-bdc8c4070e51.jpg,2,Medium,train,training
Final Dataset/training/Medium/aff853ea-4d88-4145-b4ca-b4f0c07e8556.jpg,2,Medium,train,training
Final Dataset/training/Empty/44d4f9ba-5506-4eb1-920a-a46a564026c1.jpg,0,Empty,train,training
Final Dataset/training/Empty/a5368bc3-07a7-4b15-a040-d30381517ce0.jpg,0,Empty,train,training
Final Dataset/training/Medium/48d19068-d3ee-498b-b512-1578eeb08242.jpg,2,Medium,train,training
Final Dataset/training/Low/933e8c49-0e28-433e-9abd-f15d6684462d.jpg,1,Low,train,training
Final Dataset/training/Medium/7ad9f886-0dab-489f-9f4d-0250ddee5e21.jpg,2,Medium,train,training
Final Dataset/training/High/debc81b1-fb7c-42ce-9906-5ae23d9caff4.jpg,3,High,train,training
Final Dataset/training/High/beffde0f-fd92-458d-b62d-91e4b1c9a197.jpg,3,High,train,training
Final Dataset/training/Empty/5c49deb8-a295-4198-bd1b-b8ce01b1b7de.jpg,0,Empty,train,training
Final Dataset/training/High/832c13d6-f8bc-4189-a43a-75c7b013ea01.jpg,3,High,train,training
Final Dataset/training/Empty/de2b2abf-c0a4-45c1-b17a-d58badf039b6.jpg,0,Empty,train,training
Final Dataset/training/Low/bbd3985d-7282-4033-8cf9-334a0fb776de.jpg,1,Low,train,training
Final Dataset/training/Medium/757b9bc7-d9ab-4059-a434-cf1c900e1466.jpg,2,Medium,train,training
Final Dataset/training/Medium/976640b9-f8fa-4d27-a59e-e79e22fe4008.jpg,2,Medium,train,training
Final Dataset/training/Low/f215f8e9-4515-4b56-a1c1-5b5aaa488c89.jpg,1,Low,train,training
Final Dataset/training/Medium/7998f5d4-bbd3-456e-8608-5c5e43d13738.jpg,2,Medium,train,training
Final Dataset/training/Low/f8ef14f7-3d9a-43cb-a5c3-53308c56475b.jpg,1,Low,train,training
Final Dataset/training/Low/83134504-72ef-4417-8244-a6c0b8b50453.jpg,1,Low,train,training
Final Dataset/training/Low/c8771dc5-2d8d-426b-9932-92029c9e487a.jpg,1,Low,train,training
Final Dataset/validation/Traffic Jam/image16.jpeg,4,Traffic Jam,train,validation
Final Dataset/testing/Low/14aecfe9-3114-449f-806f-f581c7ff37fe.jpg,1,Low,train,testing
Final Dataset/training/Empty/749e1bfd-0e54-4c4e-894c-11d9c7e7b2da.jpg,0,Empty,train,training
Final Dataset/training/Empty/168d91b8-d44f-4a00-80e4-8a66b3bdc92e.jpg,0,Empty,train,training
Final Dataset/testing/Low/9f2a9917-6d01-4cf1-97c4-11cb9c91b213.jpg,1,Low,train,testing
Final Dataset/training/Low/f0bce72c-96c1-46f1-809f-8fe728498a50.jpg,1,Low,train,training
Final Dataset/training/Low/9a9eb6f8-d489-40ce-aa80-f0c94d6ea964.jpg,1,Low,train,training
Final Dataset/validation/Traffic Jam/6c503cc0-46e4-46bf-8ad1-7b4dce2d7966.jpg,4,Traffic Jam,train,validation
Final Dataset/training/Low/48941cd6-c0a0-4f56-bd57-31a4f127b597.jpg,1,Low,train,training
Final Dataset/training/Medium/216bf21d-148f-41ba-bf1b-15b8482ec105.jpg,2,Medium,train,training
Final Dataset/training/Empty/7c7d1e37-646c-44fb-8c6f-6daf283c6f66.jpg,0,Empty,train,training
Final Dataset/training/Empty/c5d9c07d-b5ef-4213-91e5-0c9389bd34a6.jpg,0,Empty,train,training
Final Dataset/training/Traffic Jam/b1a50115-5527-46a2-a583-742b4b5ecb71.jpg,4,Traffic Jam,train,training
Final Dataset/training/Empty/866ffd25-86c3-4d58-91b5-99a89e57598b.jpg,0,Empty,train,training
Final Dataset/training/Empty/d4595e64-3316-45d0-ba40-9680104fd35a.jpg,0,Empty,train,training
Final Dataset/training/Traffic Jam/e849bb8f-9f85-4789-821e-143a853f8150.jpg,4,Traffic Jam,train,training
Final Dataset/training/Medium/7b541a69-6c16-49bd-9d14-923621cc64dd.jpg,2,Medium,train,training
Final Dataset/training/Empty/9b4c2e1b-3775-450c-8143-b604a8203e3e.jpg,0,Empty,train,training
Final Dataset/training/Low/eae680d1-5b32-46be-8c3d-2a13caf0a4a5.jpg,1,Low,train,training
Final Dataset/training/Empty/55461ebb-c83e-4341-9ebf-77dfcb26f902.jpg,0,Empty,train,training
Final Dataset/training/Empty/b0b049e2-21f1-497d-b2be-968ec1364369.jpg,0,Empty,train,training
Final Dataset/training/Empty/40d4a883-d11c-4412-acb7-86abe7abf7d7.jpg,0,Empty,train,training
Final Dataset/training/Low/09c81e95-df5e-4bdc-a33b-dfd5829bffb0.jpg,1,Low,train,training
Final Dataset/training/Empty/f1bbf996-c179-4b35-a699-61a4698af375.jpg,0,Empty,train,training
Final Dataset/training/Medium/183b31e4-27c8-451b-b187-e9e63780b910.jpg,2,Medium,train,training
Final Dataset/training/Low/f60e944c-dc0d-41b2-bfe0-0cfc1940393b.jpg,1,Low,train,training
Final Dataset/training/Low/cfebd49f-4015-4928-bae5-be0f212b409b.jpg,1,Low,train,training
Final Dataset/training/Empty/cd95c172-5648-4d03-9348-6daa386ca6e7.jpg,0,Empty,train,training
Final Dataset/training/Empty/da6f1e26-e77a-41ad-ba34-5d88b766e712.jpg,0,Empty,train,training
Final Dataset/training/Empty/46b842bd-ada4-4c5b-907b-da4078d5c9fc.jpg,0,Empty,train,training
Final Dataset/training/Traffic Jam/323d053d-e5b4-4c69-a59a-f8a89c56c145.jpg,4,Traffic Jam,train,training
Final Dataset/training/Low/741a59f7-385e-4340-9d13-8a12023aa351.jpg,1,Low,train,training
Final Dataset/training/Low/3151e063-a8bc-4381-80c0-cb47550521d5.jpg,1,Low,train,training
Final Dataset/training/Medium/998a1fa3-e1b8-4749-9021-268d2f61ed10.jpg,2,Medium,train,training
Final Dataset/training/High/ad424a57-8337-46c8-a0ce-cd524b425e2a.jpg,3,High,train,training
Final Dataset/training/Empty/21d37b82-bb1b-4aec-b24f-55244f8ad5f8.jpg,0,Empty,train,training
Final Dataset/training/Low/b30a1643-1119-45e6-a5f7-0be7ad307ca8.jpg,1,Low,train,training
Final Dataset/training/Empty/a35e960a-b992-447f-b601-d1a66caec634.jpg,0,Empty,train,training
Final Dataset/validation/Low/3bac7d08-e7f3-4ddb-b357-42c4b3b0566a.jpg,1,Low,train,validation
Final Dataset/training/Empty/6fbc3e68-95fd-4318-b40f-37ab9f011e41.jpg,0,Empty,train,training
Final Dataset/training/High/62e46755-e5a7-4774-b068-7c385db5206d.jpg,3,High,train,training
Final Dataset/training/Empty/f427e70f-4ccf-49f3-9503-5807dc21373c.jpg,0,Empty,train,training
Final Dataset/training/Low/14d7a8ef-13c8-4afb-b3c1-26412cc85046.jpg,1,Low,train,training
Final Dataset/training/High/879383a2-dcb1-47af-a6bc-cdf5d8620a1e (1).jpg,3,High,train,training
Final Dataset/testing/Traffic Jam/0f0172a6-7fad-41d5-a69e-7f94cb4d7dd0.jpg,4,Traffic Jam,train,testing
Final Dataset/training/Low/3295a897-9824-4a35-a270-ed109ce857c3.jpg,1,Low,train,training
Final Dataset/training/Low/e38045a3-097f-427f-9e29-e41d55954f86.jpg,1,Low,train,training
Final Dataset/training/Low/95490c19-4742-4435-a73c-2c8137b41bf9.jpg,1,Low,train,training
Final Dataset/validation/Empty/0b64ac97-0b4a-44bb-9fc8-075ac8cc988d.jpg,0,Empty,train,validation
Final Dataset/training/Medium/ec950992-fc18-4984-8b99-9f07f89a3c7a.jpg,2,Medium,train,training
Final Dataset/training/Low/53605113-c088-435d-82ea-dc8d7657785b.jpg,1,Low,train,training
Final Dataset/training/Medium/76c6a5dc-50ee-4819-9c6e-fd5a31c05757.jpg,2,Medium,train,training
Final Dataset/training/Empty/dda57d84-5943-42f3-8e5c-6468f87787e7.jpg,0,Empty,train,training
Final Dataset/training/Empty/d121741a-343a-4331-9a76-89f8f1ce18dd.jpg,0,Empty,train,training
Final Dataset/validation/Empty/0abb233d-2c55-42b1-b7e3-95c7a15e8417.jpg,0,Empty,train,validation
Final Dataset/training/Traffic Jam/image25.jpeg,4,Traffic Jam,train,training
Final Dataset/training/Empty/7fa5349b-b343-42c5-932e-c0c56acacb9c.jpg,0,Empty,train,training
Final Dataset/testing/Low/4f6a9445-7bc0-44ad-ba73-f026ae981d75.jpg,1,Low,train,testing
Final Dataset/training/Medium/b9e55cdd-f892-4d58-81f3-558bc4af9223.jpg,2,Medium,train,training
Final Dataset/training/Low/a7bee8be-dea5-41ed-bea5-fda02ad708dc.jpg,1,Low,train,training
Final Dataset/training/High/b9a63843-3314-4489-bfa5-897524473ce2.jpg,3,High,train,training
Final Dataset/training/Empty/529b9739-06fa-4ce7-9e7d-0b14f3338b93.jpg,0,Empty,train,training
Final Dataset/training/Traffic Jam/a1e284e1-c0da-4ced-917d-24bb35abda19.jpg,4,Traffic Jam,train,training
Final Dataset/training/Traffic Jam/c15dab3ea25643beab34d3c0467f372e.jpg,4,Traffic Jam,train,training
Final Dataset/training/Low/4a5a144b-566b-4ce6-a012-c52c8223d9a0.jpg,1,Low,train,training
Final Dataset/training/Medium/9d2a72d7-469a-4b1b-b31f-1753820cdfd7.jpg,2,Medium,train,training
Final Dataset/training/Low/fa6c5ea0-2a63-433d-933a-8604cae49007.jpg,1,Low,train,training
Final Dataset/training/Medium/072f002f-4f2f-4614-8523-fbff4c2b200c.jpg,2,Medium,train,training
Final Dataset/training/Traffic Jam/ae61683a-be81-4ea0-9882-44a2a250845d.jpg,4,Traffic Jam,train,training
Final Dataset/training/Empty/13d2ec79-d44b-48fc-9fa5-fd4f61d917df.jpg,0,Empty,train,training
Final Dataset/training/High/41ee1449-583d-4c4d-983e-eea5719dc8b8.jpg,3,High,train,training
Final Dataset/training/Low/1500147a-15be-4fc7-a775-d676d5b941c4.jpg,1,Low,train,training
Final Dataset/training/Traffic Jam/images16.jpg,4,Traffic Jam,train,training
Final Dataset/training/Empty/38963865-2ee8-46d4-9e24-01e4f3fe10dd.jpg,0,Empty,train,training
Final Dataset/testing/Medium/68c7e7d5-7404-42c4-b95d-7c532dca709f.jpg,2,Medium,train,testing
Final Dataset/training/Empty/cf72fcc0-f065-492d-ad60-a01852aa64ad.jpg,0,Empty,train,training
Final Dataset/training/Low/3334350f-80d3-413a-9d78-f31d77237910.jpg,1,Low,train,training
Final Dataset/training/Empty/93f9951f-d72a-421e-8b57-d1f0b6d40816.jpg,0,Empty,train,training
Final Dataset/training/Low/78890f09-66c8-47a2-ae7d-dd75fe11ff6d.jpg,1,Low,train,training
Final Dataset/training/Empty/16779f59-52c3-4e09-8317-836b82561949.jpg,0,Empty,train,training
Final Dataset/training/Low/e6b0ff54-e528-4181-a7c0-05981125d276.jpg,1,Low,train,training
Final Dataset/testing/Empty/0f512a05-6e49-4ad7-ae6e-8270d12ca194.jpg,0,Empty,train,testing
Final Dataset/training/Low/3d2aa7c6-a33a-4a5e-869a-e22527eda9f8.jpg,1,Low,train,training
Final Dataset/training/Empty/b73ee664-2cb6-4f04-bd17-436e092c86cf.jpg,0,Empty,train,training
Final Dataset/training/Low/f1790dca-b4cc-45f4-837f-c34c06dd5d0e.jpg,1,Low,train,training
Final Dataset/training/Low/e5d5356d-75c2-48b4-8e53-b4eb04799ff5.jpg,1,Low,train,training
Final Dataset/training/Medium/69535879-04bf-45b3-a1da-1b15caf6944e.jpg,2,Medium,train,training
Final Dataset/training/Medium/0932dca2-263b-477e-ad9d-767ad550438a.jpg,2,Medium,train,training
Final Dataset/training/High/20e5494e-32e3-4408-99ec-aaa316fe17dd.jpg,3,High,train,training
Final Dataset/training/Medium/76461709-8a18-41dc-b177-f35bf4d02b98.jpg,2,Medium,train,training
Final Dataset/training/Low/a42f3015-f143-4540-9ae7-3e295c9556c9.jpg,1,Low,train,training
Final Dataset/testing/Low/4e43e439-8407-40a7-9192-6a076830b25f.jpg,1,Low,train,testing
Final Dataset/training/Empty/c227bda5-395d-44d4-b892-e4bdfa3566c7.jpg,0,Empty,train,training
Final Dataset/training/Empty/06ba3f0f-ff6c-46f6-88c1-311d15d99529.jpg,0,Empty,train,training
Final Dataset/training/Low/7ecf83e0-50f5-400f-aa8f-03e7e148ce02.jpg,1,Low,train,training
Final Dataset/training/Empty/e2236cb5-fbd2-42cd-a1fa-5c41514e3827.jpg,0,Empty,train,training
Final Dataset/training/Low/4673f38b-172b-4df7-bc03-4284429ae6fc.jpg,1,Low,train,training
Final Dataset/training/Low/967a4880-1ca8-4e21-aabb-f7bb1cb687f3.jpg,1,Low,train,training
Final Dataset/training/Low/135b2de6-769f-45d0-99b7-234ce64eb546.jpg,1,Low,train,training
Final Dataset/training/Empty/c41fb773-c020-4e29-85bc-89ef3ee67d00 - Copy.jpg,0,Empty,train,training
Final Dataset/training/Medium/a1065e1e-c2f3-4529-8204-03211dea1463.jpg,2,Medium,train,training
Final Dataset/training/Low/c21c42f1-1682-4298-b8d4-bc179d3a1811.jpg,1,Low,train,training
Final Dataset/training/High/b17e06ec-504b-45b0-a077-9803e5d8084c.jpg,3,High,train,training
Final Dataset/training/Empty/9fa34844-ecc4-43e6-9bdf-4813f9038ba6.jpg,0,Empty,train,training
Final Dataset/training/Low/fb3d47b2-7160-401e-a321-e80950570cec.jpg,1,Low,train,training
Final Dataset/validation/Empty/3fd2bbf6-142d-43d6-9264-ff91abbad151.jpg,0,Empty,train,validation
Final Dataset/training/High/d8279756-6769-4de9-a59d-2adc71869075.jpg,3,High,train,training
Final Dataset/training/Empty/9bee8aff-adf2-450b-b1e3-dabed2413f5f.jpg,0,Empty,train,training
Final Dataset/training/Empty/5ad5ade6-cd5b-43c4-b043-6c768ed0d0ff.jpg,0,Empty,train,training
Final Dataset/training/Empty/28a6a57f-ef61-4b2b-89d3-6a296619ff7a.jpg,0,Empty,train,training
Final Dataset/training/Empty/726c81c2-2f79-4b0a-bf69-78c19017245f.jpg,0,Empty,train,training
Final Dataset/training/Medium/bf2dce7d-c1e9-45dd-be51-b9766452ccbc.jpg,2,Medium,train,training
Final Dataset/training/Empty/544a6046-2f50-4ae3-8d70-5aaad152ec58.jpg,0,Empty,train,training
Final Dataset/training/High/d56f1a58-c521-4d88-b4df-3fdac1c26c6e.jpg,3,High,train,training
Final Dataset/training/High/88c4931b-d7a8-405e-bb49-dbd5ae23bf7a.jpg,3,High,train,training
Final Dataset/training/Medium/af72075d-f34a-440c-b668-1c0a856b4b0b.jpg,2,Medium,train,training
Final Dataset/validation/Empty/3b5c728f-d57f-4e99-b5e5-53d0d2a6274e.jpg,0,Empty,train,validation
Final Dataset/training/Empty/b05d4065-b7ea-4784-8b5a-fbd222e5e12a.jpg,0,Empty,train,training
Final Dataset/training/Low/c0bd626c-5072-4371-bd65-2d1e3394cad9.jpg,1,Low,train,training
Final Dataset/training/Empty/a1b73f22-657d-4f94-8d93-b709b075bde8.jpg,0,Empty,train,training
Final Dataset/training/Empty/ae32b54e-75a1-472c-8d22-220b51b3c768.jpg,0,Empty,train,training
Final Dataset/training/Low/392e4549-a3ab-4ddf-9d56-4d4a488349fa.jpg,1,Low,train,training
Final Dataset/training/High/3561b49e-d582-4f4c-906e-64e31f632a40.jpg,3,High,train,training
Final Dataset/training/High/e9824ce5-369b-4a55-89b1-9a2ed2fdcaa6.jpg,3,High,train,training
Final Dataset/training/High/05cddfb0-ae7a-4ea9-9191-8f0627b3555d.jpg,3,High,train,training
Final Dataset/validation/Empty/1a360288-d909-4735-ad37-23feceb3dea4.jpg,0,Empty,train,validation
Final Dataset/training/Empty/e04ea657-1e0a-4001-83dc-87fb59a568aa.jpg,0,Empty,train,training
Final Dataset/training/Low/fb0e96bb-447d-424d-b205-08428ca58bca.jpg,1,Low,train,training
Final Dataset/training/Low/18c611b9-a441-4c41-ac0e-50d230120d7c.jpg,1,Low,train,training
Final Dataset/training/Low/938e5e1a-d3b7-4ae2-9037-ed126ab982de.jpg,1,Low,train,training
Final Dataset/training/High/74170208-f25f-4ea8-8aa8-a3002e4e6f7d.jpg,3,High,train,training
Final Dataset/training/High/a1b707a7-1845-4756-a452-9a6228530eb1.jpg,3,High,train,training
Final Dataset/testing/Low/3af7c7fa-ce73-4c5c-9f67-4e056cf0c085.jpg,1,Low,train,testing
Final Dataset/training/Empty/f883b51a-be5e-436a-a1de-e0808f445756.jpg,0,Empty,train,training
Final Dataset/training/Medium/4b5a2e4a-e99a-43b7-90ac-86db57061caf.jpg,2,Medium,train,training
Final Dataset/training/Medium/26e248d6-da90-4304-a7d6-c7e383a099b2.jpg,2,Medium,train,training
Final Dataset/training/Medium/42526a4f-bec6-43c1-ba7e-80f7301bfd8f.jpg,2,Medium,train,training
Final Dataset/training/Low/1036de0b-f42c-483e-a7fd-f13f05be30ee.jpg,1,Low,train,training
Final Dataset/training/Low/13e8e10e-7ac7-4f0e-a055-842f32b10198.jpg,1,Low,train,training
Final Dataset/training/Low/d6845431-f283-481d-bd21-ed46ba522207.jpg,1,Low,train,training
Final Dataset/training/Medium/90748d06-0238-4a02-8391-b3e3f5a97fe5.jpg,2,Medium,train,training
Final Dataset/training/Empty/27abcdd9-83b4-475f-8b4d-da1bf0fdc57e.jpg,0,Empty,train,training
Final Dataset/training/Empty/8981d39e-829a-4aa0-8c59-4b8b35ebbb01.jpg,0,Empty,train,training
Final Dataset/training/Medium/b64daae5-dea8-4679-bb2b-25dcc02f12cd (1).jpg,2,Medium,train,training
Final Dataset/training/Medium/795fc401-f386-4607-86e5-d414188ac4c0.jpg,2,Medium,train,training
Final Dataset/validation/Empty/0af4dc9c-59fc-4a10-8e72-8ca8d9b3aef7.jpg,0,Empty,train,validation
Final Dataset/training/Empty/c3b7de50-4a0b-4329-a92f-a240dbadc290.jpg,0,Empty,train,training
Final Dataset/training/High/50892c27-b2d7-4028-96cd-16ddf7bda28f.jpg,3,High,train,training
Final Dataset/training/Medium/fa6ba28c-8c1e-4296-939f-31f83f244984.jpg,2,Medium,train,training
Final Dataset/training/Traffic Jam/504e749a-690c-451d-96d0-de7338d1daa6.jpg,4,Traffic Jam,train,training
Final Dataset/training/Empty/57b714e2-34ff-4548-a9f8-170bd95ba5e9.jpg,0,Empty,train,training
Final Dataset/testing/Low/2f32d66d-4119-4a01-ac91-51cd67c39954.jpg,1,Low,train,testing
Final Dataset/training/Medium/f8579b1a-9bef-4c22-9fc4-23ec83fdf92a.jpg,2,Medium,train,training
Final Dataset/training/Empty/4bb9657b-17ff-4eea-bcb3-f540d469bef2.jpg,0,Empty,train,training
Final Dataset/training/Medium/8214e995-7a7f-4cfe-b15c-9fe94ec35107.jpg,2,Medium,train,training
Final Dataset/training/Medium/829605de-d254-413b-875b-cff174dba226.jpg,2,Medium,train,training
Final Dataset/training/Traffic Jam/images9.jpg,4,Traffic Jam,train,training
Final Dataset/training/Empty/32d566b3-c247-478d-882c-5f811d278049.jpg,0,Empty,train,training
Final Dataset/training/Low/c93e9ed0-1e60-45f9-943e-eb6fabd0e1bc.jpg,1,Low,train,training
Final Dataset/training/Medium/d843fdbd-15d4-46ac-9ad1-5860dc596689.jpg,2,Medium,train,training
Final Dataset/training/Traffic Jam/ba41786e-7b95-4ed1-abb8-02932727fe66.jpg,4,Traffic Jam,train,training
Final Dataset/training/Medium/8070e023-5a07-4f03-b603-7567b551e541.jpg,2,Medium,train,training
Final Dataset/training/Empty/942bb016-8a01-4b16-afd7-a7c70d3514bf.jpg,0,Empty,train,training
Final Dataset/training/Low/e22fe6cf-ea7d-4d51-83f8-1f84a0db9042.jpg,1,Low,train,training
Final Dataset/training/Low/1939c442-aaa5-4880-b316-e67ca5e05858.jpg,1,Low,train,training
Final Dataset/training/Empty/2ca43354-a040-46a5-a6e3-27bb6b83349d.jpg,0,Empty,train,training
Final Dataset/testing/High/342f4718-3894-435b-a10e-a4c9ac8164fe.jpg,3,High,train,testing
Final Dataset/training/Low/61f095aa-6afb-4b07-b69a-35f8dfe97e30.jpg,1,Low,train,training
Final Dataset/training/Low/442815fb-1965-4229-9cfa-87f594cda184.jpg,1,Low,train,training
Final Dataset/training/Medium/b94de444-a48d-4a71-a8a5-d38c089b577a.jpg,2,Medium,train,training
Final Dataset/training/Traffic Jam/bbe71d21-834e-48fe-a1ae-c4a6188bac5d.jpg,4,Traffic Jam,train,training
Final Dataset/training/Low/605ff962-f032-44ee-9327-aca92a5566c4.jpg,1,Low,train,training
Final Dataset/training/Empty/4c8b7fa4-9139-4928-8544-32f988aa1ade.jpg,0,Empty,train,training
Final Dataset/training/Medium/069199b3-88d6-49b7-a819-4b46eed49d02.jpg,2,Medium,train,training
Final Dataset/training/Empty/5d465436-a9f7-4220-a5df-5d89f2aab3d6.jpg,0,Empty,train,training
Final Dataset/training/Low/748f492e-c657-4ad2-bd86-40f08cde5f60.jpg,1,Low,train,training
Final Dataset/training/Medium/c1f540c9-bdd3-4053-8a2a-2003cee193c5.jpg,2,Medium,train,training
Final Dataset/training/Empty/53b8c75d-1ea9-4fa4-a323-d84962575019.jpg,0,Empty,train,training
Final Dataset/training/Empty/b9c871cd-0ff1-47b7-bb34-8fc445ab8cb1.jpg,0,Empty,train,training
Final Dataset/training/Empty/ffde3fa9-0f47-441d-b5b3-fa8a8d27333f.jpg,0,Empty,train,training
Final Dataset/validation/Empty/0e86d173-334e-4fd2-a0d2-1b124e764ae3.jpg,0,Empty,train,validation
Final Dataset/training/Medium/ef3bff08-92ab-45c4-95d5-bdf3cc9938d4.jpg,2,Medium,train,training
Final Dataset/training/Low/7b653993-6ce0-4407-a9cc-e2ef2cf46963.jpg,1,Low,train,training
Final Dataset/validation/Low/8abec7da-08c0-41f4-aae4-5df3629dfa3b.jpg,1,Low,train,validation
Final Dataset/training/Empty/826100a3-93c3-4fda-9190-e99ab6261850.jpg,0,Empty,train,training
Final Dataset/training/Low/86aeaeab-09dd-4b0b-ac53-2f64906df8fc.jpg,1,Low,train,training
Final Dataset/training/Low/51837c60-2c5c-439d-9805-84bea65ebca7.jpg,1,Low,train,training
Final Dataset/validation/Empty/2e927e81-1f4e-4a11-9cd6-2f05adf43dfe.jpg,0,Empty,train,validation
Final Dataset/training/Low/17ca0c5e-1a66-4fec-8e2e-aab2ccf92693.jpg,1,Low,train,training
Final Dataset/training/Traffic Jam/b1e12473-a843-4064-9d21-16c170516135.jpg,4,Traffic Jam,train,training
Final Dataset/training/Empty/546dd0b5-0c9d-49ac-bfdf-c97a320ee723.jpg,0,Empty,train,training
Final Dataset/testing/Low/0fb1385b-2a92-4488-a2d8-f3ec8a0c0e53.jpg,1,Low,train,testing
Final Dataset/training/Low/fbada14e-0e84-46c2-bb0a-0fc3b56c02cc.jpg,1,Low,train,training
Final Dataset/training/Traffic Jam/fc0aa02a-d98b-4efe-a8f5-d33b2111be87.jpg,4,Traffic Jam,train,training
Final Dataset/testing/Medium/1bb9f3cc-a0c3-46d7-a698-0974c2e3418d.jpg,2,Medium,train,testing
Final Dataset/validation/Medium/2c8e942b-3972-47de-be37-cd47267b37a8.jpg,2,Medium,train,validation
Final Dataset/training/High/a61e2be7-f8ac-47c3-8f61-fa5edd0289d6.jpg,3,High,train,training
Final Dataset/training/Low/976c0c8e-138f-4617-b5f9-feb0aebb52c2.jpg,1,Low,train,training
Final Dataset/training/Empty/13f6bd89-3cc1-4aed-b87e-73dd6c46b706.jpg,0,Empty,train,training
Final Dataset/training/Medium/e872e136-fab1-471e-baf1-1fa13ee121e7.jpg,2,Medium,train,training
Final Dataset/training/Low/2ccd7eb1-fa88-477c-9166-ecafb69184a1.jpg,1,Low,train,training
Final Dataset/training/Empty/5f151105-e617-4481-802e-bf7a79632da8.jpg,0,Empty,train,training
Final Dataset/training/Low/a031091b-5fb4-412c-8303-344c2df394a9.jpg,1,Low,train,training
Final Dataset/training/Empty/0d9a7584-5ec4-4cc2-8e96-09b75f6eb013.jpg,0,Empty,train,training
Final Dataset/training/Low/dce2da03-44d4-4d2a-92e4-719d355eb4df.jpg,1,Low,train,training
Final Dataset/training/Low/566e64c7-89eb-4bf9-a585-fa9e5505f2d8.jpg,1,Low,train,training
Final Dataset/training/Empty/7a149adf-edfd-48cd-b82b-5c37fc294758.jpg,0,Empty,train,training
Final Dataset/testing/Traffic Jam/9d93c14f-cc89-409d-9afd-b78021f91008.jpg,4,Traffic Jam,train,testing
Final Dataset/validation/Low/8b83202b-4adc-4042-9147-ccb8d1108367.jpg,1,Low,train,validation
Final Dataset/training/Medium/30752baf-4478-4baf-a41f-4aec75ae6021.jpg,2,Medium,train,training
Final Dataset/training/Low/f57289bb-5ecb-4a1e-9532-7fdbfd9e9d78.jpg,1,Low,train,training
Final Dataset/testing/Low/0b77a0b7-0068-4538-913c-b60511f79a3a.jpg,1,Low,train,testing
Final Dataset/validation/High/7fc98b78-3a6a-46fc-af19-08875f7647ec.jpg,3,High,train,validation
Final Dataset/training/Traffic Jam/3f85e615-3254-4e86-9841-ca25ce5840a3.jpg,4,Traffic Jam,train,training
Final Dataset/training/Low/112b4ae8-d1a3-46c8-867c-4e0cd3aebd77.jpg,1,Low,train,training
Final Dataset/training/Medium/51476db4-11db-426f-a28f-f2133b622a0d.jpg,2,Medium,train,training
Final Dataset/training/High/bdea15b8-2a84-4edf-bbed-7163d6a53168.jpg,3,High,train,training
Final Dataset/training/Traffic Jam/ce2d4459-0fe5-4f14-a2eb-ea21c3662d78.jpg,4,Traffic Jam,train,training
Final Dataset/training/Empty/b7747273-a908-4b30-bcac-3567a473fe58.jpg,0,Empty,train,training
Final Dataset/training/Traffic Jam/image_250_51708.jpg,4,Traffic Jam,train,training
Final Dataset/training/Low/342120b7-5305-43c2-be62-8070872f8edd.jpg,1,Low,train,training
Final Dataset/training/Empty/9cdc10e4-b0c8-494f-ac68-6ed66c7f2edd.jpg,0,Empty,train,training
Final Dataset/training/Empty/b89a3d57-5812-4e08-9c18-6cc76ba40f29.jpg,0,Empty,train,training
Final Dataset/testing/Medium/50f0e0bc-df24-4419-9b09-d61191d11eb0.jpg,2,Medium,train,testing
Final Dataset/training/Medium/ea0c0134-969e-44e8-8e05-2d7bad182c60.jpg,2,Medium,train,training
Final Dataset/training/Low/c50551ae-dacf-4826-85bf-05c3851e7032.jpg,1,Low,train,training
Final Dataset/training/High/b7b439b5-9285-4210-9c10-6fff3a833089.jpg,3,High,train,training
Final Dataset/training/Medium/690d70e1-0007-468f-ad0b-defc02add69f.jpg,2,Medium,train,training
Final Dataset/training/Empty/9756886e-3065-4bc0-a8d6-4971e0c3f7db.jpg,0,Empty,train,training
Final Dataset/training/Medium/633bb526-ff3a-48dd-8219-ff68c22b0a76.jpg,2,Medium,train,training
Final Dataset/training/Medium/d7ffd52a-86d7-4ed9-82d6-8c0934dd29c7.jpg,2,Medium,train,training
Final Dataset/training/Medium/8a3cd22f-ddb9-4813-9c00-070bddfc99eb.jpg,2,Medium,train,training
Final Dataset/training/Traffic Jam/c88cb0ff-3723-4ad5-84e2-0dd04b319e03.jpg,4,Traffic Jam,train,training
Final Dataset/training/Empty/14ce5b2a-9399-44e1-8c6a-a6966f88f8c7.jpg,0,Empty,train,training
Final Dataset/training/Low/133ab7ec-22d8-4e29-961c-df58d2540d03.jpg,1,Low,train,training
Final Dataset/training/Empty/63e04749-0b78-4152-afbb-9498e8c71c29.jpg,0,Empty,train,training
Final Dataset/training/Medium/ef53d22d-ec6e-44f1-9656-13932826f28a.jpg,2,Medium,train,training
Final Dataset/training/Empty/a0a3dfc4-7264-4aa7-bfdc-9ee0fff016de.jpg,0,Empty,train,training
Final Dataset/training/Medium/38e7a216-72d5-4680-9ce3-a8eb88a91c67.jpg,2,Medium,train,training
Final Dataset/training/High/ae36adcf-9bc4-42dc-912d-a64939dafd68.jpg,3,High,train,training
Final Dataset/training/Low/6f0c3e15-c6b9-4ee8-b209-63f11c44120f.jpg,1,Low,train,training
Final Dataset/training/Empty/41f6bf43-b466-4e4c-b97d-ff0e0cb4a195.jpg,0,Empty,train,training
Final Dataset/training/Traffic Jam/95e8c769-4d85-4abf-8a7c-904b9161d18b.jpg,4,Traffic Jam,train,training
Final Dataset/training/Empty/276bbe8d-113b-40b3-8d15-1cfb10581945.jpg,0,Empty,train,training
Final Dataset/training/Low/4b787778-436c-4b7b-834f-efddf24b3b8a.jpg,1,Low,train,training
Final Dataset/training/Low/63a65e28-ab7a-4d31-a8b7-142933d33576.jpg,1,Low,train,training
Final Dataset/testing/Medium/075c773a-f4b8-431f-8e02-2a93278b4a77.jpg,2,Medium,train,testing
Final Dataset/training/Low/7eec86c3-9612-40ea-b0a3-9ca6566c10f1.jpg,1,Low,train,training
Final Dataset/training/High/5066f927-b70f-4453-b3f4-35399502ac09.jpg,3,High,train,training
Final Dataset/training/Low/c031fee6-7c8c-4003-aaf6-6b2d7419bb0c.jpg,1,Low,train,training
Final Dataset/training/Empty/b1657a6a-9eab-489e-82eb-2e19caf5b1f6.jpg,0,Empty,train,training
Final Dataset/training/High/fff06a37-8884-48b8-8c06-fef64b152195.jpg,3,High,train,training
Final Dataset/training/Medium/900807ef-c490-4865-b53e-838f4057adce.jpg,2,Medium,train,training
Final Dataset/training/Empty/bcbb2eee-6ac2-4efc-bd61-74b692544ae7.jpg,0,Empty,train,training
Final Dataset/training/Low/f52c668f-8bfe-4550-b2bd-0bc064c3868d.jpg,1,Low,train,training
Final Dataset/training/Low/dd099431-5781-4dbc-9e96-b8e5373cadd4.jpg,1,Low,train,training
Final Dataset/training/Empty/205e0252-9971-4380-9fb0-c9039d7e8634.jpg,0,Empty,train,training
Final Dataset/training/Empty/cc82d9aa-adfb-423c-b46d-984239ae8c30.jpg,0,Empty,train,training
Final Dataset/training/Medium/881c2d56-272a-4eb5-8226-eb240f1046a2.jpg,2,Medium,train,training
Final Dataset/training/Empty/2b356baf-2d22-4afd-ae85-a6d2eb3a3aca.jpg,0,Empty,train,training
Final Dataset/training/Medium/c25c95d1-2857-4126-9a43-8ff8e64ab803.jpg,2,Medium,train,training
Final Dataset/testing/Low/02d75e04-88ad-4103-94d7-d15bb3f38cca.jpg,1,Low,train,testing
Final Dataset/training/Medium/18297efb-0db1-4869-8424-a858c2b66d93.jpg,2,Medium,train,training
Final Dataset/training/High/507870af-426e-4f4c-a836-2fe015e0d043.jpg,3,High,train,training
Final Dataset/training/Empty/bc904991-c247-4926-aceb-d0098729e083.jpg,0,Empty,train,training
Final Dataset/training/Low/c28d57d9-1eea-46d0-b22c-35857b29d10a.jpg,1,Low,train,training
Final Dataset/training/Medium/1f9bb4ca-bd39-41e6-8fdc-0f99773385ac.jpg,2,Medium,train,training
Final Dataset/training/Traffic Jam/ecb808d7-2339-4ba7-a03a-577ea859bee2.jpg,4,Traffic Jam,train,training
Final Dataset/training/Low/e6541ffe-6a09-4593-9cfd-c8e258ef9ea8.jpg,1,Low,train,training
Final Dataset/training/Empty/7d296e1c-1a76-4c8b-8714-bc1987e03296.jpg,0,Empty,train,training
Final Dataset/training/Medium/82492b64-31e5-4c7a-84c8-27af3e1c99e0.jpg,2,Medium,train,training
Final Dataset/training/Low/fdfd2f3c-7392-4fe6-bcc1-f0eb42ce7718.jpg,1,Low,train,training
Final Dataset/training/Empty/06f34490-580b-4e83-912e-392ca9b1818d.jpg,0,Empty,train,training
Final Dataset/training/Low/cf386284-5aaa-438d-8264-893c27ae432e.jpg,1,Low,train,training
Final Dataset/training/Traffic Jam/curata__bHKO9gXurDeOFAn.jpeg,4,Traffic Jam,train,training
Final Dataset/training/Medium/8e5e2032-ea57-4572-a92c-1b932a08f8be.jpg,2,Medium,train,training
Final Dataset/training/Empty/ee9ceb8f-c415-4143-bdee-37dc2e00dbfc.jpg,0,Empty,train,training
Final Dataset/training/Empty/6f9c585f-556d-4c11-851b-e2f04825a68e.jpg,0,Empty,train,training
Final Dataset/training/Traffic Jam/327fec07-0b82-4354-b6f5-3349ef8932b5.jpg,4,Traffic Jam,train,training
Final Dataset/training/Low/81803e0b-8dc3-4931-a747-828dba82d5cd.jpg,1,Low,train,training
Final Dataset/training/Traffic Jam/19ca9114-5757-464e-9725-2ca4780e9d96.jpg,4,Traffic Jam,train,training
Final Dataset/training/Medium/8634eb20-1611-4bef-938f-3f336dca636e.jpg,2,Medium,train,training
Final Dataset/training/Empty/24564f93-8558-4b51-a0c4-50cbfc0a6ce6.jpg,0,Empty,train,training
Final Dataset/training/Empty/ee74f32d-cdba-4ee9-bf4c-a788637dcc02.jpg,0,Empty,train,training
Final Dataset/training/Medium/8a2d569c-7a2a-4830-8d13-1a9e2646a5dc.jpg,2,Medium,train,training
Final Dataset/training/Medium/74ebca91-2889-44fc-97ed-3dae58b5b497.jpg,2,Medium,train,training
Final Dataset/training/Traffic Jam/blog-traffic-congestion-hero2x.jpg,4,Traffic Jam,train,training
Final Dataset/training/Low/2983a0ec-f6b3-4928-8b4e-dda8109e015e.jpg,1,Low,train,training
Final Dataset/training/Medium/4598e2fd-7d20-4504-97c8-d10e15c3ff5f.jpg,2,Medium,train,training
Final Dataset/training/Empty/678bb496-a3a7-4a0d-aac1-920d15742bf3.jpg,0,Empty,train,training
Final Dataset/training/Traffic Jam/2012-02-10__front01.jpg,4,Traffic Jam,train,training
Final Dataset/training/Empty/e994957f-8537-464e-a662-fd5e96b047d5.jpg,0,Empty,train,training
Final Dataset/training/Medium/75491ac1-1ee4-4cf6-ae5e-8ca4e5f95177.jpg,2,Medium,train,training
Final Dataset/training/Empty/acccbaac-ec7d-45ef-b6ac-7ba5b0f318df.jpg,0,Empty,train,training
Final Dataset/validation/Low/b542bbf3-f56a-498e-9e91-54909f0f0104.jpg,1,Low,train,validation
Final Dataset/training/Low/38f6fb08-a00b-4938-83a5-5744e19528c0.jpg,1,Low,train,training
Final Dataset/training/Empty/9d001897-3964-4842-8db5-a580911d7dd5.jpg,0,Empty,train,training
Final Dataset/training/Empty/ff165bae-a378-4c0b-8a07-5641ed842f08.jpg,0,Empty,train,training
Final Dataset/training/Medium/46a2ef6b-5167-43f5-bc02-1cef9364e162.jpg,2,Medium,train,training
Final Dataset/validation/Empty/0cdd34a7-d5fe-4975-92c4-3deb8ca7da04.jpg,0,Empty,train,validation
Final Dataset/training/Low/647ac4b5-a526-40e5-87ed-ad2afb205642.jpg,1,Low,train,training
Final Dataset/training/Medium/87745cd6-e447-4c0e-94e4-751a649157a7.jpg,2,Medium,train,training
Final Dataset/training/Traffic Jam/bb1a5cda-03aa-4864-8430-8f50cf8c8101.jpg,4,Traffic Jam,train,training
Final Dataset/training/Low/af9c25ad-4ef6-4a57-9ebb-446852971de0.jpg,1,Low,train,training
Final Dataset/training/Empty/20f4eded-b62f-4981-8712-a8935941daa0.jpg,0,Empty,train,training
Final Dataset/training/Low/4ffa6e57-8677-4101-b779-7541bb671ba4.jpg,1,Low,train,training
Final Dataset/training/Low/555453dd-0007-4d1b-80c2-619b9e020d49.jpg,1,Low,train,training
Final Dataset/training/Low/374936e0-e62c-4cf7-818d-d3d38e0150b6.jpg,1,Low,train,training
Final Dataset/training/Traffic Jam/b114a68d-e64a-4e6e-9642-c351f7fb1063.jpg,4,Traffic Jam,train,training
Final Dataset/training/Empty/a2f6a4f4-8924-46fd-a0f2-bffc4e5cf996.jpg,0,Empty,train,training
Final Dataset/training/Medium/e24887b6-2267-4d62-876d-64e12151ca91.jpg,2,Medium,train,training
Final Dataset/training/Medium/7b261d82-ac33-4dc2-a325-a8c69e714262.jpg,2,Medium,train,training
Final Dataset/training/Low/506df435-8761-4d5f-9f38-282a6db65b84.jpg,1,Low,train,training
Final Dataset/validation/Low/8febbf2d-21c6-44d4-b320-13863bf0bbd5.jpg,1,Low,train,validation
Final Dataset/training/Traffic Jam/AP_129208222545_georgia_traffic.jpg,4,Traffic Jam,train,training
Final Dataset/training/Empty/87b0eb34-f7c7-4487-aada-1df18c02eac3.jpg,0,Empty,train,training
Final Dataset/training/Empty/5247a440-813d-484e-a53b-24b335319031.jpg,0,Empty,train,training
Final Dataset/training/Traffic Jam/c20eeb70-2dc8-4a9e-b042-811feb75d805.jpg,4,Traffic Jam,train,training
Final Dataset/training/Low/e69e0e9a-7e20-4e98-bb3b-d3867d5de750.jpg,1,Low,train,training
Final Dataset/training/Empty/92f742ea-34cb-474e-873b-545c30aaa476.jpg,0,Empty,train,training
Final Dataset/training/Empty/7843f50d-8815-4a1a-8ece-e3f6341d0f8f.jpg,0,Empty,train,training
Final Dataset/training/Medium/07038084-71be-4650-90bc-f882b19b84c8.jpg,2,Medium,train,training
Final Dataset/training/Empty/9d6d5cb3-8bc5-40ef-8bd5-57e074a989be.jpg,0,Empty,train,training
Final Dataset/training/High/87cac9b9-0bf0-4e8c-b96f-eec2e3a5fcb6.jpg,3,High,train,training
Final Dataset/training/Empty/eebfd481-36a6-41d0-9f14-aa3cd440579e.jpg,0,Empty,train,training
Final Dataset/training/Medium/acd7e9c1-f71b-4853-9d08-7cb3aaf81596.jpg,2,Medium,train,training
Final Dataset/training/Medium/549154f8-f65c-4499-91c0-b9933a54040c.jpg,2,Medium,train,training
Final Dataset/training/High/0631b15a-c6eb-4a80-8270-dfd6e635fa45.jpg,3,High,train,training
Final Dataset/training/Medium/e46e62b4-4f5a-4b71-aaef-f63561df0631.jpg,2,Medium,train,training
Final Dataset/training/Empty/cb895b9c-f4b7-4d0b-8c31-ddb101f0f0e0.jpg,0,Empty,train,training
Final Dataset/training/Medium/7c854951-ce85-473c-83bb-c53bb100f428.jpg,2,Medium,train,training
Final Dataset/training/Empty/9c749d0f-2028-4385-9329-d5d774020d69.jpg,0,Empty,train,training
Final Dataset/training/Low/d5f59c9e-7eae-48e2-ad7b-68994c9d9e57.jpg,1,Low,train,training
Final Dataset/training/High/ec11c8c4-4385-44bd-a57e-5ebe3f813eca.jpg,3,High,train,training
Final Dataset/training/Medium/57729ea3-1538-42f6-a153-04539e9fb3c8.jpg,2,Medium,train,training
Final Dataset/training/Empty/863a8345-e0a5-4cb9-ba61-f950d4e6d4ba.jpg,0,Empty,train,training
Final Dataset/training/Empty/adec7954-48ed-489f-b0de-152165c58677.jpg,0,Empty,train,training
Final Dataset/training/Low/e46b1b0e-e545-4508-8389-90e338e50991.jpg,1,Low,train,training
Final Dataset/testing/Medium/b67cae19-1b8f-4fe2-af58-b5d466bad78e.jpg,2,Medium,train,testing
Final Dataset/training/Empty/85339170-a5aa-4422-b874-c2cab5997198.jpg,0,Empty,train,training
Final Dataset/training/Medium/3256b999-920e-42fa-b523-ae61f80ad543.jpg,2,Medium,train,training
Final Dataset/training/Empty/7e28f095-852b-41df-bd0a-3497f90d0e78.jpg,0,Empty,train,training
Final Dataset/training/Empty/67ee6c06-58a4-4785-9817-cc20e2c4d65a.jpg,0,Empty,train,training
Final Dataset/training/Low/609ae1c5-6d8b-4572-951d-90356adf80c5.jpg,1,Low,train,training
Final Dataset/training/Empty/6743c934-5da1-48e7-9620-280dcde54e0e.jpg,0,Empty,train,training
Final Dataset/training/Empty/da0bf160-b4d9-4dc4-af31-497674c515ef.jpg,0,Empty,train,training
Final Dataset/training/Empty/e1b7245c-9050-4371-ba07-601028450684.jpg,0,Empty,train,training
Final Dataset/training/Low/610e7072-dc2c-4d5f-9365-5c4c76a5fb1d.jpg,1,Low,train,training
Final Dataset/training/Empty/08a7fee9-41bd-4ded-87f0-16f9ac114586.jpg,0,Empty,train,training
Final Dataset/testing/Low/4e5e9096-99fa-4193-b963-cc74accb193e.jpg,1,Low,train,testing
Final Dataset/training/Empty/bf661284-5bb0-467a-b16f-b8ed2486c76a.jpg,0,Empty,train,training
Final Dataset/training/Medium/c3e217c7-93c8-4908-9e43-9c10a33868c8.jpg,2,Medium,train,training
Final Dataset/training/Low/566004e8-c3fd-4a88-a30c-01075cf3e19c.jpg,1,Low,train,training
Final Dataset/training/Empty/ab11343d-1548-4547-85e8-180a75fb8e98.jpg,0,Empty,train,training
Final Dataset/training/Empty/45657abc-9ffe-4761-9f2c-acf2243be6db.jpg,0,Empty,train,training
Final Dataset/training/High/76e65a69-31aa-4faf-91f9-c6a7e147e759.jpg,3,High,train,training
Final Dataset/training/Medium/c8d35b7a-41c6-430b-85be-7d2d8c2a4093.jpg,2,Medium,train,training
Final Dataset/training/Empty/57a4fe10-484e-41df-9c6e-20bbe7cddd97.jpg,0,Empty,train,training
Final Dataset/training/Low/54d999cd-e82b-43a2-9f67-90db6ddb1374.jpg,1,Low,train,training
Final Dataset/training/Medium/8fe87841-8a0f-428f-8550-58556e849d5b.jpg,2,Medium,train,training
Final Dataset/training/High/870f26a7-227d-40b2-8279-8797b2ed3bb2.jpg,3,High,train,training
Final Dataset/training/Low/f5d69c44-f8bb-440a-9b30-e53e2c54179a.jpg,1,Low,train,training
Final Dataset/training/Low/3ed8183c-8a12-4e74-aef1-b106c87b672b.jpg,1,Low,train,training
Final Dataset/training/High/a685cf15-47c5-401d-a647-5856ff3fb63b.jpg,3,High,train,training
Final Dataset/training/Empty/938a3160-24fa-46d7-b9c1-69020cea2f22.jpg,0,Empty,train,training
Final Dataset/training/Empty/9c1142b8-8e1a-403d-92c8-42e0deb14e23.jpg,0,Empty,train,training
Final Dataset/training/High/86eeaf06-e3cc-434d-882b-5f491f76d90f.jpg,3,High,train,training
Final Dataset/training/Empty/ac6a4e28-a7f8-4870-8996-60c974ca0bb4.jpg,0,Empty,train,training
Final Dataset/training/Medium/c3eedcfa-759e-4f13-9dfc-4b6ad680a21c.jpg,2,Medium,train,training
Final Dataset/training/Empty/9138064b-c2f1-4339-9b29-9016fabc0a94.jpg,0,Empty,train,training
Final Dataset/training/Low/3e5aa77d-ed88-4f76-9b88-28bd2b04b78a.jpg,1,Low,train,training
Final Dataset/training/High/bf0b9c41-85cc-4dc8-a360-a94ceb7806d6.jpg,3,High,train,training
Final Dataset/training/High/81db9233-2f77-40ff-add3-e82588a6daf9.jpg,3,High,train,training
Final Dataset/training/Low/8f29fdca-11d5-491f-9853-14f1d2d33eba.jpg,1,Low,train,training
Final Dataset/training/Low/861b36c6-a65a-4c58-8edb-7f317bd90cbb.jpg,1,Low,train,training
Final Dataset/training/Empty/2636db17-0733-4e4e-a417-1283821d58eb.jpg,0,Empty,train,training
Final Dataset/training/Traffic Jam/3f78e689-3720-400e-a8c5-c80a12ce2b87.jpg,4,Traffic Jam,train,training
Final Dataset/training/Low/35ad388d-304c-4a98-a61a-29fe49e8a5e1.jpg,1,Low,train,training
Final Dataset/training/Empty/330182ab-3134-4b24-a57a-0d8065c0bf0a.jpg,0,Empty,train,training
Final Dataset/training/Empty/e4641a95-1e57-44d7-92a3-72921326c5dc.jpg,0,Empty,train,training
Final Dataset/training/Empty/d7a59c55-5518-4618-98d7-b5be87c660b4.jpg,0,Empty,train,training
Final Dataset/training/Empty/98aa4417-a9de-47ec-8dfc-e1dd4df92ea3.jpg,0,Empty,train,training
Final Dataset/validation/High/0ee3302f-189a-4cc9-b66b-a1e83065d7d7.jpg,3,High,train,validation
Final Dataset/validation/Medium/9af627e6-926c-41c7-894e-cde45abee086.jpg,2,Medium,train,validation
Final Dataset/training/Empty/7279b28a-dfe7-4048-8022-a166e57c99cb.jpg,0,Empty,train,training
Final Dataset/training/Medium/21c0b4e6-3b48-4693-a5f5-a527ca84e72e.jpg,2,Medium,train,training
Final Dataset/training/Low/790cb21e-969e-4ab4-badb-d5c2047f853f.jpg,1,Low,train,training
Final Dataset/training/Low/6e63cf29-6ccd-4601-a58e-cbc37321b89f.jpg,1,Low,train,training
Final Dataset/training/Low/28b5c0a8-dc6a-41af-b553-e3aca98747c7.jpg,1,Low,train,training
Final Dataset/training/Empty/89e5f315-43f9-4a01-9b57-d0e79506c08d.jpg,0,Empty,train,training
Final Dataset/training/Empty/20abc229-5226-45a1-bd51-8d1f1275dc29.jpg,0,Empty,train,training
Final Dataset/testing/Medium/d7c81ff3-3f60-4422-b925-66d7c200e342.jpg,2,Medium,train,testing
Final Dataset/training/High/d58e2dc9-0e76-42e8-a3e6-517fd114432e.jpg,3,High,train,training
Final Dataset/training/Empty/b789e2d6-7f8d-4c65-b701-90e9d7411bab.jpg,0,Empty,train,training
Final Dataset/training/Medium/33bcadd4-7c1b-4b0c-a391-42ce1b1be6c5.jpg,2,Medium,train,training
Final Dataset/training/High/dd236515-f91f-4425-ab26-c42eec8ceaff.jpg,3,High,train,training
Final Dataset/training/High/80ac332b-1fec-4f61-9e77-af431c65c5be.jpg,3,High,train,training
Final Dataset/training/Empty/f3622a6b-60e0-4017-88e6-64343085e0be.jpg,0,Empty,train,training
Final Dataset/training/Empty/87f6e179-3cf3-4d0a-918b-a6c58fa47bc9.jpg,0,Empty,train,training
Final Dataset/training/Medium/cd7730b8-8e9e-4191-ab7c-d89da4bcc4fb.jpg,2,Medium,train,training
Final Dataset/training/Empty/2ab0181b-9c23-4faa-afe3-609b036e4667.jpg,0,Empty,train,training
Final Dataset/training/Low/62333027-bcd3-4041-92c1-736f1960f838.jpg,1,Low,train,training
Final Dataset/training/Empty/85f8ea3f-1de7-4afb-bac9-971f75e5ecd8.jpg,0,Empty,train,training
Final Dataset/training/Empty/8258c8c1-39fe-41f5-8481-5f8f1c50340a.jpg,0,Empty,train,training
Final Dataset/training/Medium/097c78e0-0013-49ed-a5f5-3be771693ed8.jpg,2,Medium,train,training
Final Dataset/training/Low/84a88ee8-2e51-4e28-866b-a0e1c583230b.jpg,1,Low,train,training
Final Dataset/validation/Medium/0ca6d793-09b4-44d3-8ee9-bd87e63f45e0.jpg,2,Medium,train,validation
Final Dataset/training/High/40d926da-303b-4623-9d95-9519202884c5.jpg,3,High,train,training
Final Dataset/training/Empty/9483f865-7d4c-43bf-b74a-3e35db248006.jpg,0,Empty,train,training
Final Dataset/validation/Empty/0a415c3f-73df-4489-8a9b-f634911e1fc1.jpg,0,Empty,train,validation
Final Dataset/testing/Medium/7aab22b2-09a0-4400-bf64-c85f38a1c804.jpg,2,Medium,train,testing
Final Dataset/training/Low/2c3952d8-508f-4b82-827d-12c59a190c10.jpg,1,Low,train,training
Final Dataset/training/Medium/93cf1dd5-e945-41ef-8e71-9d2ab81d5f55.jpg,2,Medium,train,training
Final Dataset/training/High/ce50ae90-6d54-423c-86ca-dd9e5b17b5fe.jpg,3,High,train,training
Final Dataset/validation/Empty/1d64017e-0a60-4414-9aef-7e2f6362735c.jpg,0,Empty,train,validation
Final Dataset/training/Empty/717031de-381e-4ea2-9d1c-5247da9cf536.jpg,0,Empty,train,training
Final Dataset/training/Medium/d92cec08-2619-45a4-b595-8fc9d662da91.jpg,2,Medium,train,training
Final Dataset/training/Low/e81d2716-3e4a-42a5-b7cc-ebee7483d48f.jpg,1,Low,train,training
Final Dataset/testing/Medium/0e275b0d-633b-4bb6-aa0f-0939f1eb1293.jpg,2,Medium,train,testing
Final Dataset/testing/Empty/3ac6e9ef-3a4c-40b7-a229-087b5ae606f9.jpg,0,Empty,train,testing
Final Dataset/training/Low/b0660150-9adb-4932-ba68-b75c9f5fc3c5.jpg,1,Low,train,training
Final Dataset/training/Empty/417d374d-688e-44ea-af74-4abab12d7993.jpg,0,Empty,train,training
Final Dataset/training/Empty/5e593b87-4f41-496d-9d1c-9730f685b3ab.jpg,0,Empty,train,training
Final Dataset/training/Low/2da9d6f7-a6e1-4999-a26f-d7aa43bf2170.jpg,1,Low,train,training
Final Dataset/training/High/13614a88-82c5-4b58-a39f-6b6c4a8475a6.jpg,3,High,train,training
Final Dataset/training/Medium/f2a60b36-0b42-451e-ac5c-ce8ca1079c5c.jpg,2,Medium,train,training
Final Dataset/training/Medium/36087b44-236d-4ef5-b791-2b74d134956c.jpg,2,Medium,train,training
Final Dataset/training/Empty/d06a5949-0fee-408b-b0c8-50a971a517c7.jpg,0,Empty,train,training
Final Dataset/training/Low/76627009-787e-499a-b95b-4c203855ff84.jpg,1,Low,train,training
Final Dataset/training/Medium/43425a4f-591b-4d0f-897d-df0eb950078a.jpg,2,Medium,train,training
Final Dataset/training/Low/9ed142c9-315d-42f2-890b-f08b75fc6abb.jpg,1,Low,train,training
Final Dataset/training/Empty/bfc0e1ef-b97f-46ff-ba1d-6369b7735b5d.jpg,0,Empty,train,training
Final Dataset/training/Low/6052194d-6676-4d00-a3d1-9c99cc7cc73f.jpg,1,Low,train,training
Final Dataset/training/Empty/c78dfdea-40ec-4765-b71b-4e27c2678417.jpg,0,Empty,train,training
Final Dataset/training/Low/029041e3-7d18-480b-8ca2-fc5452faf2b4.jpg,1,Low,train,training
Final Dataset/training/Low/d7c8ad69-b4a4-4c9a-b80d-4d0d6123c339.jpg,1,Low,train,training
Final Dataset/training/Empty/b6566e2c-cbad-43a2-8de1-7bdb3b275c8c.jpg,0,Empty,train,training
Final Dataset/testing/High/5a24d817-aac3-4683-a605-c02161af890a.jpg,3,High,train,testing
Final Dataset/training/Low/a8f75218-fb2a-419b-8cc2-87b31cb59316.jpg,1,Low,train,training
Final Dataset/training/High/47a8c2b3-a0bc-45fb-86e5-6b0293775dc8.jpg,3,High,train,training
Final Dataset/testing/Medium/3fb1bc94-4970-47e9-af36-1888c3fcba29.jpg,2,Medium,train,testing
Final Dataset/training/Traffic Jam/a33c855a-26ea-4eeb-badc-3a5ee0d79d6d.jpg,4,Traffic Jam,train,training
Final Dataset/training/High/f9075dc9-f1d1-4d4e-882c-de189e0961ac.jpg,3,High,train,training
Final Dataset/training/Traffic Jam/9d4984af-a6e4-41a2-9b2b-16008482073c.jpg,4,Traffic Jam,train,training
Final Dataset/testing/High/a6a5aa5d-18c6-40dd-9d63-50c42416368f.jpg,3,High,train,testing
Final Dataset/training/Empty/5d156317-338f-4990-808d-b5ec5080ce18.jpg,0,Empty,train,training
Final Dataset/training/Medium/responsive_medium_xRpCRbXOdhQnvETWGnCiApGyPQBao9SJRHbnaDSxXfQ.jpg,2,Medium,train,training
Final Dataset/training/Medium/c5a3b8c9-0d00-4ebd-ac1b-3bebb3df3fb5.jpg,2,Medium,train,training
Final Dataset/training/Empty/bff15471-131c-419f-aef9-af15bf412c77.jpg,0,Empty,train,training
Final Dataset/training/Traffic Jam/edfa1660-1c8e-47ce-83f8-9ef6dc12df64.jpg,4,Traffic Jam,train,training
Final Dataset/training/Medium/1c81efb9-84a6-4b58-8a65-1413432d0d84.jpg,2,Medium,train,training
Final Dataset/training/Empty/c98befff-473c-4663-845b-58e86f675d56.jpg,0,Empty,train,training
Final Dataset/training/Empty/9cfd6388-352c-4e5d-91f3-87d5b6d706c3.jpg,0,Empty,train,training
Final Dataset/testing/Traffic Jam/2d092d08-8d93-4498-b4ab-262672c18c62.jpg,4,Traffic Jam,train,testing
Final Dataset/training/Empty/6c3e79c6-f4d9-4415-9cef-b3ec40895332.jpg,0,Empty,train,training
Final Dataset/training/Medium/85b9354d-c3f3-48a5-8ceb-d59d84ce39cb.jpg,2,Medium,train,training
Final Dataset/testing/Empty/0b6dc85e-a9ba-4d74-8682-d4dd58587bef.jpg,0,Empty,train,testing
Final Dataset/training/Traffic Jam/e58b5e0b-d012-4be9-9419-41c6350509a9.jpg,4,Traffic Jam,train,training
Final Dataset/validation/Low/1da8f9f6-1e5f-4f03-a18f-c34f1e177004.jpg,1,Low,train,validation
Final Dataset/training/Medium/de4ebac5-85cc-41a1-a4b3-6205d390efe2.jpg,2,Medium,train,training
Final Dataset/training/Empty/fc2f2081-b69a-4e04-9614-5d41e2d28b1b.jpg,0,Empty,train,training
Final Dataset/training/Empty/2462e40a-e8b8-4091-8ef1-1efd133cef49.jpg,0,Empty,train,training
Final Dataset/training/Empty/e7b3f5d5-9b47-4b33-a5c1-18896775b74e.jpg,0,Empty,train,training
Final Dataset/training/Empty/c516ee85-008d-4be9-8291-7cb5d27cbc90.jpg,0,Empty,train,training
Final Dataset/training/Low/aaa7cc05-1a31-442f-ac91-94754268c6de.jpg,1,Low,train,training
Final Dataset/training/High/467daab7-ad11-43a2-afb3-7cebd56df48d.jpg,3,High,train,training
Final Dataset/training/Empty/9255665e-834d-4074-84d2-84c8f4c91837.jpg,0,Empty,train,training
Final Dataset/training/Empty/76f3fa5b-430e-4b88-81b2-ee05466647db.jpg,0,Empty,train,training
Final Dataset/training/Low/d5a86f24-29d2-4169-91e9-f992a4350ee1.jpg,1,Low,train,training
Final Dataset/training/Low/a0821f85-8624-41aa-ac19-31edba59408e.jpg,1,Low,train,training
Final Dataset/training/Low/c3f6c5bd-345d-44af-a700-0d41e75180b6.jpg,1,Low,train,training
Final Dataset/training/Empty/4f6b021b-ab2f-4036-9e11-6db94b6b20a6.jpg,0,Empty,train,training
Final Dataset/training/Medium/9204be83-c03d-4db4-aff0-a25beb6942ff.jpg,2,Medium,train,training
Final Dataset/training/Low/418105fd-e34d-48a4-bfee-ec82af94d17b.jpg,1,Low,train,training
Final Dataset/training/Medium/b5db9531-eaba-493e-bbc3-025083bd10e7.jpg,2,Medium,train,training
Final Dataset/training/Low/69794d3c-1781-4894-a3d5-d1ca34c2769a.jpg,1,Low,train,training
Final Dataset/training/Low/f31225c6-5d90-4b55-98d3-ef615161f8c2.jpg,1,Low,train,training
Final Dataset/validation/Medium/3b0b998f-0118-46f9-ae5c-19385696e386.jpg,2,Medium,train,validation
Final Dataset/training/Medium/6dfa5812-98f4-4bbe-a5a1-536a1206c4c5.jpg,2,Medium,train,training
Final Dataset/training/Empty/aee7047d-b62d-4dbe-a6fb-40607bd416fc.jpg,0,Empty,train,training
Final Dataset/training/Empty/43aff79f-4630-4454-aabb-29f359e2a7ef.jpg,0,Empty,train,training
Final Dataset/training/Medium/059556eb-b4f2-408d-af87-ba001f53e501.jpg,2,Medium,train,training
Final Dataset/training/Empty/415d947b-5b75-4c01-9a4c-1b14e41fa3d0.jpg,0,Empty,train,training
Final Dataset/validation/High/1bbb7fe7-6c1b-4a8a-999b-0c748f8a7872.jpg,3,High,train,validation
Final Dataset/training/Low/cffb77d0-f968-4a1a-9b07-7847cdfede56.jpg,1,Low,train,training
Final Dataset/training/High/47236905-8119-4d95-ad61-ea8abe4cbe8b.jpg,3,High,train,training
Final Dataset/training/High/cd747c66-524c-4b93-b35b-57e24984acf9.jpg,3,High,train,training
Final Dataset/testing/Traffic Jam/4baf7c22-e9bf-45cf-8e4c-da2aca5d8a67.jpg,4,Traffic Jam,train,testing
Final Dataset/training/Empty/ccb86349-ed2f-451e-8d22-c38b38b01b1b.jpg,0,Empty,train,training
Final Dataset/training/High/a837aeb8-a108-43fc-99c6-f46eab2d51d7.jpg,3,High,train,training
Final Dataset/testing/Low/7ed22748-c098-4d52-bebf-1517b92afa5b.jpg,1,Low,train,testing
Final Dataset/training/Empty/a9bfdc96-943b-44b7-9c84-de2aeb4b0ec1.jpg,0,Empty,train,training
Final Dataset/training/High/58b2cd8c-0fec-489f-908c-c5387f53cad2.jpg,3,High,train,training
Final Dataset/training/Empty/6e1b5051-e0cd-4fca-a549-ac42207fb295.jpg,0,Empty,train,training
Final Dataset/training/High/7dff0c22-885c-4f92-9ddc-15a872867bcf.jpg,3,High,train,training
Final Dataset/testing/Empty/3ca1d037-0341-48a3-981d-037f0c9e1986.jpg,0,Empty,train,testing
Final Dataset/training/Traffic Jam/ee5cd7e9-639d-40c1-8961-3e5598a604d2.jpg,4,Traffic Jam,train,training
Final Dataset/training/Low/fb0845f9-8aed-4fbe-a7fc-e240b9d85c3e.jpg,1,Low,train,training
Final Dataset/training/Empty/2638466b-5412-4f8a-8dfd-adef03f9a620.jpg,0,Empty,train,training
Final Dataset/training/Empty/ae5b51c7-6d1f-4e67-b943-bf550cf8bd9c.jpg,0,Empty,train,training
Final Dataset/training/Empty/789f6500-35af-4986-bb9f-39f96b9c6dab.jpg,0,Empty,train,training
Final Dataset/training/High/875e2f9d-38ca-49a4-9cc4-bc8729b9adc0.jpg,3,High,train,training
Final Dataset/training/Empty/c580d685-1bed-423f-be55-6e0073b3f1bb.jpg,0,Empty,train,training
Final Dataset/training/Traffic Jam/dac6d5a6-c92b-4b80-aa50-fc0581a9b625.jpg,4,Traffic Jam,train,training
Final Dataset/validation/Low/6e265b92-b2f5-4ac6-858a-a95553f4281a.jpg,1,Low,train,validation
Final Dataset/training/High/b90080de-3a4f-4a30-9a35-9cd9440539fa.jpg,3,High,train,training
Final Dataset/training/Medium/82b74fa8-ae8e-4fb9-96eb-de2d2672a9d7.jpg,2,Medium,train,training
Final Dataset/training/Empty/20161e13-1f6c-4e3e-a128-c584ff8d37c6.jpg,0,Empty,train,training
Final Dataset/training/Low/f8aea9f9-3c96-467d-9a75-7d2e038e8457.jpg,1,Low,train,training
Final Dataset/training/Medium/6cf571f2-aaa7-4f5f-8fc4-3b29c92b241e.jpg,2,Medium,train,training
Final Dataset/training/High/c41e42f5-55a2-4dab-bbd7-0d66073c61aa.jpg,3,High,train,training
Final Dataset/training/High/645bdedc-ae77-40ce-9ebf-77b7c2236684.jpg,3,High,train,training
Final Dataset/training/Low/238c114c-7752-437e-ad6f-cf07046cc07b.jpg,1,Low,train,training
Final Dataset/training/Medium/13e69bf9-6322-4454-b98a-0e839444e650.jpg,2,Medium,train,training
Final Dataset/training/Empty/d0a317d2-4c01-4daf-af7f-92e6c4e2a15a.jpg,0,Empty,train,training
Final Dataset/training/High/55f523b3-d12e-4626-ae2f-00f8e9f311e4.jpg,3,High,train,training
Final Dataset/training/Empty/11c0367d-a24b-4cae-8f53-f29be084e4e3.jpg,0,Empty,train,training
Final Dataset/training/Low/a1ae9af1-3499-43ca-b167-7e79db3300bb.jpg,1,Low,train,training
Final Dataset/training/Medium/d723508a-a6b8-46ae-acc8-a45da7729006.jpg,2,Medium,train,training
Final Dataset/training/Traffic Jam/b398ac57-4936-40f3-93de-7e06ac34de56.jpg,4,Traffic Jam,train,training
Final Dataset/training/Empty/026becc3-bfbf-4a21-9aa4-0c208495e563.jpg,0,Empty,train,training
Final Dataset/training/Medium/75bdfdc1-8344-463f-8f0f-5dc096aa221d.jpg,2,Medium,train,training
Final Dataset/validation/High/1f9cca9f-1c9e-456c-9655-396ed565a6e3.jpg,3,High,train,validation
Final Dataset/training/Empty/ca6e9749-36d6-406a-8338-7d3d40b2623e.jpg,0,Empty,train,training
Final Dataset/training/Empty/38a4c7fd-7220-4341-9752-d305574bd41c.jpg,0,Empty,train,training
Final Dataset/training/Empty/ad2c26b8-4b67-48a4-8784-a3574ec11e3a.jpg,0,Empty,train,training
Final Dataset/training/Empty/94d7fc07-4a68-408e-b7a5-e5c50dd63c63.jpg,0,Empty,train,training
Final Dataset/training/Empty/db2cd7b1-0942-4252-96cd-1d6f17acf719.jpg,0,Empty,train,training
Final Dataset/training/Empty/e9724636-584d-4553-a931-a3bbcc30ea73.jpg,0,Empty,train,training
Final Dataset/testing/High/2bb36be2-b36c-4ce1-abc7-44c670718978.jpg,3,High,train,testing
Final Dataset/testing/High/2bd1ec98-5350-4de7-917b-ea8451d897f5.jpg,3,High,train,testing
Final Dataset/training/Empty/8203c500-7947-4326-b030-7b2d75cc7995.jpg,0,Empty,train,training
Final Dataset/training/Empty/8c5760ae-33de-45d3-b34b-52bde7dfcfcc.jpg,0,Empty,train,training
Final Dataset/training/Empty/c3ec9c96-69ec-4a34-a2d3-b6a54d0b3aa1.jpg,0,Empty,train,training
Final Dataset/training/Empty/a71066ef-a4d3-4fda-9cbd-c6d9d74a52de.jpg,0,Empty,train,training
Final Dataset/testing/High/11d8e339-8589-4ea1-acac-8c2e5c85eab0.jpg,3,High,train,testing
Final Dataset/validation/Low/8f0fd13d-0c36-4a54-94df-590079063cca.jpg,1,Low,train,validation
Final Dataset/training/Medium/d85c6ae9-5f05-4481-975c-2db5b54d6ff2.jpg,2,Medium,train,training
Final Dataset/training/Low/962bbb43-03ae-49ee-8ec0-3536f09206fd.jpg,1,Low,train,training
Final Dataset/training/Traffic Jam/6b1f5cc3-cfbe-4667-af05-26e6671b2051.jpg,4,Traffic Jam,train,training
Final Dataset/training/Medium/a613788d-c1e1-4359-8849-f79b27940536.jpg,2,Medium,train,training
Final Dataset/training/Low/6f6380c7-0369-4332-b3c7-c9a891a4eda6.jpg,1,Low,train,training
Final Dataset/training/Medium/f5bbec34-fbe0-47f2-bb8c-230be19ccef7.jpg,2,Medium,train,training
Final Dataset/training/Empty/bd188cf3-0574-49cc-9b57-b7aa7077ac48.jpg,0,Empty,train,training
Final Dataset/validation/High/0f590d9e-e32b-4e66-a708-1e950a1b985b.jpg,3,High,train,validation
Final Dataset/training/High/90af8e3e-15a6-453e-942f-085a764a1089.jpg,3,High,train,training
Final Dataset/training/Low/20392730-8792-45d8-8682-fd8c9ecd536a.jpg,1,Low,train,training
Final Dataset/training/Traffic Jam/60b40515-56ad-459e-9389-871a63f2b12e.jpg,4,Traffic Jam,train,training
Final Dataset/training/Low/3d7a463c-b5aa-41db-bbd7-b260c7149fdf.jpg,1,Low,train,training
Final Dataset/training/Medium/a3afca85-2e4c-4c69-bfa6-67abbe28286a.jpg,2,Medium,train,training
Final Dataset/training/Empty/13dd3bb4-9d17-45b9-8b9d-82bd7bb09629.jpg,0,Empty,train,training
Final Dataset/training/Low/33305d08-895f-466e-99c1-dec728a931af.jpg,1,Low,train,training
Final Dataset/training/Medium/c54c53ad-dc0c-4c29-bcaf-ad0601e7aad9.jpg,2,Medium,train,training
Final Dataset/training/Empty/565802e4-1ed3-4fac-b5c8-9a67cab385a3.jpg,0,Empty,train,training
Final Dataset/training/Low/b7144b28-ad55-4de1-9fdc-761cb295b013.jpg,1,Low,train,training
Final Dataset/training/Empty/f0575fd9-c54b-4a76-bd4f-3fde84e64976.jpg,0,Empty,train,training
Final Dataset/training/Medium/edbf3b6b-2ba8-429b-9907-a14a20c12ed0.jpg,2,Medium,train,training
Final Dataset/training/Low/e3c50d67-9ec7-49ce-b92f-e97031917aac.jpg,1,Low,train,training
Final Dataset/training/Traffic Jam/65d53960-f1b7-44e6-b301-95a4682ef43e.jpg,4,Traffic Jam,train,training
Final Dataset/training/Medium/e040b508-6972-4d56-9d3e-79e2f507a5dd.jpg,2,Medium,train,training
Final Dataset/training/Medium/1839cc7e-d896-49f3-95a9-851946a62cb2.jpg,2,Medium,train,training
Final Dataset/training/Traffic Jam/955b68ca-87fc-4151-9b29-90ce49704099.jpg,4,Traffic Jam,train,training
Final Dataset/training/High/b0aea991-213e-4915-8d6a-fcaa950bef09.jpg,3,High,train,training
Final Dataset/validation/Empty/4a655eef-12b7-405b-b92e-771a409c476f.jpg,0,Empty,train,validation
Final Dataset/training/Medium/2b4331e8-83f9-4140-a420-52eab7bea50b.jpg,2,Medium,train,training
Final Dataset/training/Empty/03484a3e-e26d-4d1d-ad9f-d3bdc746f8a6.jpg,0,Empty,train,training
Final Dataset/testing/Medium/4ee4826d-d12a-4665-a644-807ed1e8f955.jpg,2,Medium,train,testing
Final Dataset/validation/Empty/1d394645-21ef-4884-80c5-6ff596538214.jpg,0,Empty,train,validation
Final Dataset/training/Low/f1d67d71-c3a5-4e4e-8e68-86efc0f912ab.jpg,1,Low,train,training
Final Dataset/training/High/934e14de-9ca2-4c51-a988-09f6a1ba3585.jpg,3,High,train,training
Final Dataset/training/Low/9373412d-eae8-403f-8119-d9bf545ef138.jpg,1,Low,train,training
Final Dataset/training/Empty/c97c4dec-cb6c-4d1c-9a04-1754c9fee571.jpg,0,Empty,train,training
Final Dataset/training/Low/7a85bc7f-33fa-4768-b9a0-c6975089861c.jpg,1,Low,train,training
Final Dataset/training/Empty/8c831970-7f84-42ca-903c-bf95501f364f.jpg,0,Empty,train,training
Final Dataset/training/Medium/32fc7a04-f141-4924-b9b3-5ef96c3e8287.jpg,2,Medium,train,training
Final Dataset/training/Medium/24c497eb-be3d-4c30-8b23-69d5829a13cd.jpg,2,Medium,train,training
Final Dataset/training/Empty/981c66a5-5767-4662-b24d-5b8ac653a02a.jpg,0,Empty,train,training
Final Dataset/training/Empty/220df2da-dc97-4563-96f9-ee8e65b3827e.jpg,0,Empty,train,training
Final Dataset/training/Low/412f7743-807d-41e8-95cc-5b44e492b987.jpg,1,Low,train,training
Final Dataset/training/High/54c0df80-123e-45d9-8740-760ada54d850.jpg,3,High,train,training
Final Dataset/training/Low/c46ee2a2-d9eb-4063-ad4d-cc8992b7591f.jpg,1,Low,train,training
Final Dataset/training/Empty/259e256f-cfe4-4829-b605-2cc3c36bd963.jpg,0,Empty,train,training
Final Dataset/training/Medium/c424b759-0958-4b3d-91df-2b6fc2666465.jpg,2,Medium,train,training
Final Dataset/training/Low/098229ee-eba3-4eec-a443-36bd5ee178bc.jpg,1,Low,train,training
Final Dataset/training/Empty/e1e11530-b538-43e2-8d8c-5e8dd3935272.jpg,0,Empty,train,training
Final Dataset/training/Medium/62d60815-864c-421f-9a2c-c702bd6ad827.jpg,2,Medium,train,training
Final Dataset/training/Empty/d1a7203b-0e92-45c2-8f35-d0a5ea6e451a.jpg,0,Empty,train,training
Final Dataset/training/Empty/a72bfdb1-4133-41ba-b0e2-1259a9f8eeec.jpg,0,Empty,train,training
Final Dataset/training/Empty/879ccc7c-3301-425d-b803-0e8d0a5cc9b9.jpg,0,Empty,train,training
Final Dataset/training/Empty/bb6abeda-bcba-454f-b425-1476c0973329.jpg,0,Empty,train,training
Final Dataset/training/Low/df740579-76cd-4c06-9ddf-6b139e336ac3.jpg,1,Low,train,training
Final Dataset/training/Low/bf80645a-8d62-4103-aff2-1a50ab9da87c.jpg,1,Low,train,training
Final Dataset/training/Empty/32f0f0f5-aeaa-44e1-a0fe-d3d78158b276.jpg,0,Empty,train,training
Final Dataset/training/Medium/6ef5ba8b-6e26-4d60-a91b-9cee3bc98370.jpg,2,Medium,train,training
Final Dataset/training/Low/f37abbbd-8bd6-4db5-aa11-c9f94ee7890a.jpg,1,Low,train,training
Final Dataset/training/Low/34871aff-fac2-47e7-8c11-1adb98d34502.jpg,1,Low,train,training
Final Dataset/training/Low/eab85aca-89ad-4b5e-867c-11a9c4f3d5a9.jpg,1,Low,train,training
Final Dataset/training/Empty/be41dbd6-ac1c-445b-ad00-2ff5d3dc5434.jpg,0,Empty,train,training
Final Dataset/training/Medium/0030b81f-72b1-4fc3-a6dc-33b86ad35c58.jpg,2,Medium,train,training
Final Dataset/validation/Empty/00e07a30-3933-4190-9e4e-16a5b1a6f701.jpg,0,Empty,train,validation
Final Dataset/training/Low/8be02c92-c6f9-4fcc-975a-f700b9b33ba7.jpg,1,Low,train,training
Final Dataset/training/Medium/8de00fc0-cb69-483e-8dba-74bd59e824d3.jpg,2,Medium,train,training
Final Dataset/training/Empty/312ba3fc-c5b3-4989-be5e-aa53d97e0cfb.jpg,0,Empty,train,training
Final Dataset/training/Empty/8f732191-a85d-4168-9c87-8018a980b74e.jpg,0,Empty,train,training
Final Dataset/validation/Empty/0e52a186-4615-4289-8582-3ed600a5fc10.jpg,0,Empty,train,validation
Final Dataset/training/Medium/d3c0cfd9-17f2-4cee-9ebc-cfdc7cfbcc48.jpg,2,Medium,train,training
Final Dataset/training/Empty/e3409320-c75e-4021-81d1-030cf826b60b.jpg,0,Empty,train,training
Final Dataset/training/Medium/a36c1f06-528c-4f61-b2d0-60686aa40ff4.jpg,2,Medium,train,training
Final Dataset/training/Low/316f5657-88f9-4a20-82cb-483fce6e3f94.jpg,1,Low,train,training
Final Dataset/training/Empty/93059170-d9d9-4285-b2e0-f4b6ca68e6b3.jpg,0,Empty,train,training
Final Dataset/training/High/805a5348-552c-4af1-91f8-5f8044021fb6.jpg,3,High,train,training
Final Dataset/training/Empty/e189e189-bade-4999-8ab8-4a644191588b.jpg,0,Empty,train,training
Final Dataset/training/Empty/ae7d70e1-7952-4912-8987-674e1c36b314.jpg,0,Empty,train,training
Final Dataset/training/Empty/b529b704-0aa2-4228-a684-e2aa1562a089.jpg,0,Empty,train,training
Final Dataset/training/Medium/55801137-ace4-4db5-9607-4634a5eca5ad.jpg,2,Medium,train,training
Final Dataset/training/Empty/8140b5b4-b108-4f22-947d-3a05587a1dc0.jpg,0,Empty,train,training
Final Dataset/training/Medium/a5331bb7-762b-463d-b59f-dca0143ffb16.jpg,2,Medium,train,training
Final Dataset/training/Low/591ea835-27a9-4705-a7cc-ebacb8fd8d20.jpg,1,Low,train,training
Final Dataset/training/Traffic Jam/images66.jpg,4,Traffic Jam,train,training
Final Dataset/training/Medium/df636897-42ec-4f17-a2a1-eedf569f86bc.jpg,2,Medium,train,training
Final Dataset/testing/Low/7b2f7063-91f3-43b4-b2ea-96d8bef88468.jpg,1,Low,train,testing
Final Dataset/testing/Empty/5e1ecd01-995d-44b9-8dbd-7920ad803e42.jpg,0,Empty,train,testing
Final Dataset/validation/Low/2b12162b-cefd-47f0-b5d4-4b482544bbe8.jpg,1,Low,train,validation
Final Dataset/training/Low/ce5d81a9-b8a9-41f3-9a4a-8b3f50bc062b.jpg,1,Low,train,training
Final Dataset/training/Traffic Jam/75fd4de3-903c-4a2f-8c54-4c1ee0340a52.jpg,4,Traffic Jam,train,training
Final Dataset/training/Low/236a526d-f74b-4a9e-960a-c92c6214bf8e.jpg,1,Low,train,training
Final Dataset/training/Low/6c6a0b6e-3fe5-4476-ac71-42dbc13582dd.jpg,1,Low,train,training
Final Dataset/training/Traffic Jam/ff708a93-34bf-492e-971b-255426d71366.jpg,4,Traffic Jam,train,training
Final Dataset/validation/Empty/1eb1e954-9c8a-41a2-9d22-acc13f270a6d.jpg,0,Empty,train,validation
Final Dataset/training/Low/1567a11f-df90-4bc0-a2e6-f0baba63c7f1.jpg,1,Low,train,training
Final Dataset/training/Empty/deb4929a-1c2c-440c-98de-88861a503924.jpg,0,Empty,train,training
Final Dataset/training/Low/c162f1a5-59a7-4a23-8343-9b1b27aa25b2.jpg,1,Low,train,training
Final Dataset/training/Low/75cf3095-115d-4cc1-a9a5-d3cb847327b1.jpg,1,Low,train,training
Final Dataset/training/Low/718ac075-7f0c-4631-b955-afcbe7bde592.jpg,1,Low,train,training
Final Dataset/training/Empty/69e1685e-f1a1-468a-8c3c-4b4dc3265c3d.jpg,0,Empty,train,training
Final Dataset/training/High/ecdb16c5-1fe5-456e-9dfb-5d4c20d1abf4.jpg,3,High,train,training
Final Dataset/training/Empty/475887fe-4c3b-474b-bf5b-bca282bcef20.jpg,0,Empty,train,training
Final Dataset/testing/Traffic Jam/images105.jpg,4,Traffic Jam,train,testing
Final Dataset/training/Empty/0473f5a5-f9ae-4c62-beb2-ebaf2886b6a7.jpg,0,Empty,train,training
Final Dataset/training/Low/6ae37c12-477a-4c52-9913-273d444db4a3.jpg,1,Low,train,training
Final Dataset/training/Medium/b91b137f-fb7a-4a58-9fe3-5254132e9502.jpg,2,Medium,train,training
Final Dataset/training/Low/477106f3-7680-4bc8-a911-02516f09e104.jpg,1,Low,train,training
Final Dataset/validation/Low/2dcd0843-e26e-4b58-be2f-b559efd53160.jpg,1,Low,train,validation
Final Dataset/training/Low/a9a2f1a8-6336-467a-a287-f731a7003acb.jpg,1,Low,train,training
Final Dataset/training/Low/c8352716-c1a7-43da-81dd-ee2d5fa45545.jpg,1,Low,train,training
Final Dataset/testing/Low/0c329119-71cb-4312-b57c-8519f49dc354.jpg,1,Low,train,testing
Final Dataset/training/Traffic Jam/nat3-edsa-traffic-michaelvarcas_2018-11-04_20-08-40.jpg,4,Traffic Jam,train,training
Final Dataset/training/Empty/ccf022a9-44a8-4722-99eb-fe2b948d0ca0.jpg,0,Empty,train,training
Final Dataset/testing/High/9d8ee333-da7b-4a7c-afe6-8b0522b34ca0.jpg,3,High,train,testing
Final Dataset/validation/Medium/008d367d-9c77-4ccf-a1ea-db62d3efbec3.jpg,2,Medium,train,validation
Final Dataset/training/Low/da5999b6-8524-4991-9206-239a032ae4be.jpg,1,Low,train,training
Final Dataset/training/High/49606221-4ad4-4b01-ad9d-267895f6a35d.jpg,3,High,train,training
Final Dataset/testing/Traffic Jam/92980_1006untac1.jpg,4,Traffic Jam,train,testing
Final Dataset/testing/Traffic Jam/06812142-09b6-45fc-babf-aba74230ba11.jpg,4,Traffic Jam,train,testing
Final Dataset/training/High/c989317f-660a-4c92-bc6c-4f3de60206b2.jpg,3,High,train,training
Final Dataset/training/Empty/3733f074-724b-4907-a9d7-b82c510d9bff.jpg,0,Empty,train,training
Final Dataset/training/High/b7695da7-0a1c-4465-ab4e-1b5b16fa7e7c.jpg,3,High,train,training
Final Dataset/training/High/a28eeb40-9ed7-4a77-bd30-62acf5f6ea09.jpg,3,High,train,training
Final Dataset/training/Empty/3718b8d7-40d7-4b33-b5cb-cb49fe44b794.jpg,0,Empty,train,training
Final Dataset/training/Empty/17eff652-7ec5-4cbc-a6ce-7eeb393d1eb2.jpg,0,Empty,train,training
Final Dataset/training/Low/62b08981-9bfa-461a-9be4-1e4372f7f6c0.jpg,1,Low,train,training
Final Dataset/validation/Low/925c4fb3-2714-4569-a28c-b9e726b0acc1.jpg,1,Low,train,validation
Final Dataset/training/Medium/c6f27cda-5250-4f2a-92ff-fd8b3b41fc8a.jpg,2,Medium,train,training
Final Dataset/training/Empty/b5332181-51c4-4bc6-a918-c67f288f33f8.jpg,0,Empty,train,training
Final Dataset/training/Medium/05c71180-2dcc-4cc6-812a-666bc34b268d.jpg,2,Medium,train,training
Final Dataset/training/Medium/398a0522-e006-401f-8058-553aea2f8c55.jpg,2,Medium,train,training
Final Dataset/training/Empty/c78fa74e-8fb2-4ef3-8940-9bc6884d91b8.jpg,0,Empty,train,training
Final Dataset/training/Empty/95e683c9-d49e-4cb0-b952-52d348154bd4.jpg,0,Empty,train,training
Final Dataset/training/Low/fe8f20ac-bcb0-4aab-8a16-584d396af656.jpg,1,Low,train,training
Final Dataset/training/Empty/f72078f2-3b96-48d5-994d-58906aff2cea.jpg,0,Empty,train,training
Final Dataset/training/High/a4ef8425-20f5-4087-a43f-0add7c9338da.jpg,3,High,train,training
Final Dataset/testing/Empty/1ce75559-2fbc-49e8-878a-c89f9460f178.jpg,0,Empty,train,testing
Final Dataset/training/Medium/78161cee-486c-457d-9525-24295bee87b4.jpg,2,Medium,train,training
Final Dataset/training/Traffic Jam/images57.jpg,4,Traffic Jam,train,training
Final Dataset/training/Empty/267c7fd6-0edc-4bd2-af5d-5991b1b3d0be.jpg,0,Empty,train,training
Final Dataset/training/Empty/a158837f-0c0a-4ce3-ac33-4d28828bcf36 (1).jpg,0,Empty,train,training
Final Dataset/training/Low/d7169993-b3ff-4452-b1c5-0fc8d76da66e.jpg,1,Low,train,training
Final Dataset/validation/Low/7e6cc9a1-f0f9-40b7-a51c-4416c9d2f730.jpg,1,Low,train,validation
Final Dataset/training/Empty/9ea9e0d0-2351-4f37-9692-2ff17b6fd2f8.jpg,0,Empty,train,training
Final Dataset/training/Low/7ca1dccd-de1a-4d8b-8522-46c4b73274e1.jpg,1,Low,train,training
Final Dataset/training/Empty/5d4d023e-bfa6-4cc8-86a0-e43244b33157.jpg,0,Empty,train,training
Final Dataset/training/Medium/58063234-5fc8-4019-bceb-b1b46a8808d2.jpg,2,Medium,train,training
Final Dataset/training/Empty/e07c81ed-3202-4fdb-952d-3a479727bdd4.jpg,0,Empty,train,training
Final Dataset/training/Empty/d0e20012-5a80-4e9e-a7fc-b4b6ffabd710.jpg,0,Empty,train,training
Final Dataset/training/Medium/8f2be3d1-078b-4af6-99f8-762ffa103a31.jpg,2,Medium,train,training
Final Dataset/training/Low/97c52471-86b3-4f2a-af3f-917a95fbc77e.jpg,1,Low,train,training
Final Dataset/training/High/d6c3647b-86c7-436e-846f-d5e7eb4d218f.jpg,3,High,train,training
Final Dataset/training/Empty/8497b976-4de3-4168-bec0-50ffab991795.jpg,0,Empty,train,training
Final Dataset/training/Empty/b0e25219-c7b0-4cdd-9e2b-9464474e3b57.jpg,0,Empty,train,training
Final Dataset/training/High/47cef4c9-f431-4284-ba13-f7f3598d1ebb.jpg,3,High,train,training
Final Dataset/training/Medium/459ea60e-6e21-4f62-936f-0e91cb2387a3.jpg,2,Medium,train,training
Final Dataset/validation/Low/6e8e510c-fe31-49b2-a255-6aaae4b8609a.jpg,1,Low,train,validation
Final Dataset/training/Low/7927aaea-4c9a-4d6e-a60a-e07373536811.jpg,1,Low,train,training
Final Dataset/training/Empty/acc8afc3-604c-4460-a94d-ec540ceb296a.jpg,0,Empty,train,training
Final Dataset/testing/High/10efd5f8-41d4-40ed-9cf1-9a7083aefa4d.jpg,3,High,train,testing
Final Dataset/training/Low/f982cbb5-ec4e-4155-9b54-c523eee72a9c.jpg,1,Low,train,training
Final Dataset/training/Empty/5212d5ad-52b7-429b-aae4-adcd8f8fc095.jpg,0,Empty,train,training
Final Dataset/training/Low/8ef71db4-cda0-47e7-a842-774d62525067.jpg,1,Low,train,training
Final Dataset/testing/Empty/0a7b874b-20dd-4ab2-b2ed-89645e4c20bc.jpg,0,Empty,train,testing
Final Dataset/training/Empty/8e55512f-f7aa-4fdd-ac33-0735be16f87a.jpg,0,Empty,train,training
Final Dataset/training/Empty/8fa32b8b-5dcd-4850-ac7a-ed17929d702b.jpg,0,Empty,train,training
Final Dataset/training/Empty/788ce3fc-4026-4f61-83d7-e73dbefd0f5f.jpg,0,Empty,train,training
Final Dataset/training/Low/ee50816f-2237-4798-86c1-2930f3bf6dfa.jpg,1,Low,train,training
Final Dataset/training/Medium/9954594d-db47-482c-8772-e58e2ec56ea9.jpg,2,Medium,train,training
Final Dataset/training/Low/58ca2b23-3b07-4b4a-b8cd-d3f608fcdb3f.jpg,1,Low,train,training
Final Dataset/training/Low/6d672d4e-2452-4129-8218-f0f4a9551b9a.jpg,1,Low,train,training
Final Dataset/training/Empty/e65e51fd-dba2-4221-96c3-305a8b550417.jpg,0,Empty,train,training
Final Dataset/training/Empty/6a319e92-bfe6-4f7a-ac45-a44e744bf20e.jpg,0,Empty,train,training
Final Dataset/training/Medium/c40291f2-3771-4ea9-b1e5-2fde21a879c9.jpg,2,Medium,train,training
Final Dataset/training/Low/11b129a1-5785-4386-87aa-9302fe03610f.jpg,1,Low,train,training
Final Dataset/training/Medium/1005b4e8-9f4c-4a92-8879-c76f9dc59c87.jpg,2,Medium,train,training
Final Dataset/training/High/6721d21c-7a6b-4631-acec-1bcffca886c4.jpg,3,High,train,training
Final Dataset/training/Low/98e61c20-97da-4b34-a1ce-0dc537a42170.jpg,1,Low,train,training
Final Dataset/training/Empty/cb3407ad-74b6-43d6-ba23-0fe6c36acdee.jpg,0,Empty,train,training
Final Dataset/training/Empty/34195110-f0a4-417c-94cb-0b43003fdbfd.jpg,0,Empty,train,training
Final Dataset/testing/Medium/4dde71fa-04f4-44cd-a312-b82caf6d97a1.jpg,2,Medium,train,testing
Final Dataset/training/Traffic Jam/images50.jpg,4,Traffic Jam,train,training
Final Dataset/training/Empty/f3849d39-065f-4eba-9ca1-9c51fab7b44a.jpg,0,Empty,train,training
Final Dataset/training/Medium/2252cc59-3ad3-4088-9d05-c2a32eba5245.jpg,2,Medium,train,training
Final Dataset/training/Low/1026e010-9de6-4359-9003-2ca4e358ee5d.jpg,1,Low,train,training
Final Dataset/testing/High/3c12102b-4fa3-4189-ab54-c1df1affb22b.jpg,3,High,train,testing
Final Dataset/training/Empty/6ccc4138-8572-4594-a5c4-9a50f0966917.jpg,0,Empty,train,training
Final Dataset/training/Medium/57f20976-a031-4585-aa0f-68109365bf11.jpg,2,Medium,train,training
Final Dataset/training/Medium/342dba78-b29c-4ba2-898d-95e4f8425ab4.jpg,2,Medium,train,training
Final Dataset/training/Empty/a40f38d0-82bc-41c3-822a-37594346097e.jpg,0,Empty,train,training
Final Dataset/training/Medium/ad362a1b-3ef8-452f-a18c-f769e2e56c96.jpg,2,Medium,train,training
Final Dataset/training/Medium/33161f7f-4a27-4ae4-938b-dc9525356aef.jpg,2,Medium,train,training
Final Dataset/training/Empty/7a11bd41-7c1b-4b66-9890-13b067519538.jpg,0,Empty,train,training
Final Dataset/training/Low/7800288a-504d-42e8-9a44-faaf119b9253.jpg,1,Low,train,training
Final Dataset/testing/Traffic Jam/images102.jpg,4,Traffic Jam,train,testing
Final Dataset/testing/High/22acc946-e225-4348-bcaf-4efc07c70d35.jpg,3,High,train,testing
Final Dataset/testing/High/34b96cd2-fad2-4f19-ae1e-cd51af7ed273.jpg,3,High,train,testing
Final Dataset/training/Low/3011befa-af18-445b-af2e-8fc7e87bed98.jpg,1,Low,train,training
Final Dataset/training/Low/a235e107-1d3d-432f-9428-76fbdb62afc1.jpg,1,Low,train,training
Final Dataset/training/Empty/2da5a97f-8899-4630-bb5e-646ce59a9c30.jpg,0,Empty,train,training
Final Dataset/training/Traffic Jam/c0d82132-2c24-41fc-be58-28d173fb283e.jpg,4,Traffic Jam,train,training
Final Dataset/training/Medium/dacb10b8-bb12-448c-8680-0a1bd966055a.jpg,2,Medium,train,training
Final Dataset/training/Empty/dc90a507-0af7-4b32-846b-da8581d2bdce.jpg,0,Empty,train,training
Final Dataset/training/Medium/5d1c50b8-5d93-424c-aa16-43ef0e6a9366.jpg,2,Medium,train,training
Final Dataset/testing/Low/0e824085-d07d-432b-90d7-26a8bdcd407f.jpg,1,Low,train,testing
Final Dataset/training/High/8584cdcc-83c2-4b59-9b8b-2c2a62777407.jpg,3,High,train,training
Final Dataset/training/Low/62b0566d-8d72-4aaa-acd0-fb8aa3534fc3.jpg,1,Low,train,training
Final Dataset/validation/Empty/1d6f6fef-f757-4e96-8320-d443e184e9a6.jpg,0,Empty,train,validation
Final Dataset/training/Empty/db62ddf4-94bd-4d48-bc9c-8f6f01055c0e.jpg,0,Empty,train,training
Final Dataset/training/High/8b8be7f4-154b-4a80-ba3e-2fdab90c88c2.jpg,3,High,train,training
Final Dataset/training/Medium/3633c940-a502-473b-997e-6472b5418c49.jpg,2,Medium,train,training
Final Dataset/training/Empty/6a8734f7-78dc-4d1a-b0bb-230d81c2bb2d.jpg,0,Empty,train,training
Final Dataset/validation/Medium/9d364363-da99-4b07-bcb5-d33af39c5e6a.jpg,2,Medium,train,validation
Final Dataset/training/Empty/5a215e55-8c61-4573-9f3b-0223739621a0.jpg,0,Empty,train,training
Final Dataset/training/High/10853005-d804-4b34-91ca-007472c70947.jpg,3,High,train,training
Final Dataset/training/Low/cc11e7cf-96c2-4a66-b028-1afffc327e4e.jpg,1,Low,train,training
Final Dataset/training/Empty/7eb0d680-856f-44b1-acd1-daaa3a32e244.jpg,0,Empty,train,training
Final Dataset/training/Low/c50fc9a7-be9d-4359-8ccc-66a81c48e4ff.jpg,1,Low,train,training
Final Dataset/training/High/df012625-cf16-4367-b37a-f944fbb62eee.jpg,3,High,train,training
Final Dataset/training/High/21932fc5-3512-4b8e-b24a-c2231c5e1d75.jpg,3,High,train,training
Final Dataset/validation/High/0f4e1341-f68c-44a0-857c-9b9833165795.jpg,3,High,train,validation
Final Dataset/training/Low/657b98df-b16d-4c6f-bb0b-50708b656eaf.jpg,1,Low,train,training
Final Dataset/training/High/034956cc-bbdd-4e4c-87db-494f4a9289bd.jpg,3,High,train,training
Final Dataset/training/Empty/df5851e6-93f2-4744-a3f3-df643ffa5637.jpg,0,Empty,train,training
Final Dataset/training/Empty/ae682690-6ae3-4a27-8f42-c3eb6208f009.jpg,0,Empty,train,training
Final Dataset/training/Empty/5f281f0d-0f7a-4334-ab52-e8e25f817fc3.jpg,0,Empty,train,training
Final Dataset/validation/Low/8facea9e-76e4-40ef-b265-bd6f52fd1c45.jpg,1,Low,train,validation
Final Dataset/training/Empty/048dc533-2933-4d66-a703-fdfbc9a9d5a0.jpg,0,Empty,train,training
Final Dataset/training/Medium/c2fa9aea-8f14-4305-96ee-00b414e05d44.jpg,2,Medium,train,training
Final Dataset/training/Medium/29a73eb8-abf1-4322-ba0b-445fd23df423.jpg,2,Medium,train,training
Final Dataset/training/Empty/7d5f1f83-8dd1-4072-847f-950715a5d360.jpg,0,Empty,train,training
Final Dataset/testing/Traffic Jam/images91.jpg,4,Traffic Jam,train,testing
Final Dataset/training/Empty/b9c19f68-18ba-4a51-8ff9-68576c1cef84.jpg,0,Empty,train,training
Final Dataset/training/Traffic Jam/responsive_medium_uHGKHf_Z44eGTQdHbHV0hrVv_Uhc3jh3VmmYWYLM4lg.jpg,4,Traffic Jam,train,training
Final Dataset/training/High/ec15b227-7542-4fdb-9ca2-6211222a24ba.jpg,3,High,train,training
Final Dataset/training/Low/22edf9e1-0036-4d49-81ba-2036eb53066d.jpg,1,Low,train,training
Final Dataset/validation/Empty/4d00bf27-8496-4588-bc35-69648609c628.jpg,0,Empty,train,validation
Final Dataset/training/Empty/8e3c3df9-a3af-4365-a19c-3e07b5814f25.jpg,0,Empty,train,training
Final Dataset/training/Empty/8bde6b17-babd-44f3-a441-ca6f683f0351.jpg,0,Empty,train,training
Final Dataset/training/Low/f1fd83be-e285-4558-b46e-a5517a8025f9.jpg,1,Low,train,training
Final Dataset/training/Empty/51410060-4ad4-497d-8cb9-2d9c514fb2d8.jpg,0,Empty,train,training
Final Dataset/testing/Empty/0ce04417-34b8-491b-9e3c-8f8359c350d6.jpg,0,Empty,train,testing
Final Dataset/training/Empty/e78f173b-ee6d-4e95-97be-f9ff4617398b.jpg,0,Empty,train,training
Final Dataset/training/Empty/19f571de-5dca-488a-8f57-836eefb8d5b8.jpg,0,Empty,train,training
Final Dataset/testing/Empty/0acd3ef9-fa98-4e37-aca9-58e4848e36fd.jpg,0,Empty,train,testing
Final Dataset/validation/Traffic Jam/55399e2a-1bfb-45bd-b4fa-0d8976164d00.jpg,4,Traffic Jam,train,validation
Final Dataset/training/Low/0aacb3ce-c2a1-4420-a756-e48b6be81b89.jpg,1,Low,train,training
Final Dataset/training/Empty/fee6bfd1-1bc9-4400-842d-2423c5d63fbb.jpg,0,Empty,train,training
Final Dataset/training/Low/1479bbc9-f351-43c3-8961-3680c70c566f.jpg,1,Low,train,training
Final Dataset/validation/Empty/5f6080fa-810a-427b-b6fa-d1ca0354ca0b.jpg,0,Empty,train,validation
Final Dataset/training/Empty/5c9cde6b-6fb0-45f7-9f27-a3f8ee4dfe2d.jpg,0,Empty,train,training
Final Dataset/training/Low/67e51329-23ce-430b-93c7-db5393b6fa90.jpg,1,Low,train,training
Final Dataset/training/Medium/a960ea93-c2a3-4ee6-9d7b-74e258056f71.jpg,2,Medium,train,training
Final Dataset/training/Empty/45861987-d5c9-404a-a680-6be464c9c54c.jpg,0,Empty,train,training
Final Dataset/testing/Low/4bdd8585-728b-45fb-9621-df93ab49a53e.jpg,1,Low,train,testing
Final Dataset/training/Empty/b9fd422d-2bbc-4305-a7c0-a826180637fa.jpg,0,Empty,train,training
Final Dataset/training/High/adfcc0e2-7456-4f30-b2b5-19e232146eeb.jpg,3,High,train,training
Final Dataset/training/Low/c1b896e6-bacd-4a4a-ab0a-b3c7a4577352.jpg,1,Low,train,training
Final Dataset/validation/High/63eafbb0-4098-43ab-be8e-c78e1659c545.jpg,3,High,train,validation
Final Dataset/training/High/c277af81-8800-45a9-91aa-87c745cdbe97.jpg,3,High,train,training
Final Dataset/training/Low/fbf62431-f07b-4ee0-a9b4-960bdfcc92e8.jpg,1,Low,train,training
Final Dataset/training/Low/a5c8c780-906b-4e86-86bd-c3800b5e91f6.jpg,1,Low,train,training
Final Dataset/training/Empty/e4e1f0ae-8b3b-4b86-81e5-2a725578a87d.jpg,0,Empty,train,training
Final Dataset/training/Medium/be046092-0678-49d6-8190-49fa5fbe6635.jpg,2,Medium,train,training
Final Dataset/training/Empty/e7f9c9d2-2e15-4eae-b920-1f576bd4ea94.jpg,0,Empty,train,training
Final Dataset/training/Empty/25bb8023-5e15-490c-92cb-af6976056408.jpg,0,Empty,train,training
Final Dataset/training/Empty/06574957-f79a-4538-849a-cbf353fc52c9.jpg,0,Empty,train,training
Final Dataset/validation/Low/0c948ee4-d18f-49de-9a44-69812660e12d.jpg,1,Low,train,validation
Final Dataset/training/Medium/4524d2aa-08bf-44ec-9948-94c7039f1fac.jpg,2,Medium,train,training
Final Dataset/training/Empty/9c8b4ef3-9b82-46d8-9d87-744030dec6d8.jpg,0,Empty,train,training
Final Dataset/validation/Medium/00d9a48e-8be7-436b-82f1-9e81762dcab9.jpg,2,Medium,train,validation
Final Dataset/training/Empty/3e56cb1f-4b9a-4d7b-b958-e972516bdf58.jpg,0,Empty,train,training
Final Dataset/training/Empty/259e253b-6c5d-4c26-8c51-aaf46d4ffbd1.jpg,0,Empty,train,training
Final Dataset/training/Empty/84139ae1-3aca-4e0c-9283-4b070e17efc9.jpg,0,Empty,train,training
Final Dataset/training/Medium/c124c05e-a347-4e12-b9b7-ee37ccb5d8b5.jpg,2,Medium,train,training
Final Dataset/testing/Low/0c2f31f9-bcf0-46d9-aefe-7b30a6238b17.jpg,1,Low,train,testing
Final Dataset/training/Low/e6391a79-fbe6-47e2-b27b-dea4fb1118d2.jpg,1,Low,train,training
Final Dataset/training/Low/a7bc1cb2-7fe6-4676-bc4b-d2ffa719dee2.jpg,1,Low,train,training
Final Dataset/training/Empty/9e0d8591-02d1-4f94-be54-1c65ebc5dec6.jpg,0,Empty,train,training
Final Dataset/training/Empty/ec436b46-0c91-4d15-835a-ec3ffd584076.jpg,0,Empty,train,training
Final Dataset/training/High/07834614-3ba1-473d-af17-06361c1416f4.jpg,3,High,train,training
Final Dataset/training/Medium/90611a87-1b32-41fc-91f8-1c5338d5b55c.jpg,2,Medium,train,training
Final Dataset/training/Empty/44ad2521-2263-46b8-8e1a-9a472a86152f.jpg,0,Empty,train,training
Final Dataset/validation/Medium/8b70aae3-0b4f-46ce-965b-59bafcebe44c.jpg,2,Medium,train,validation
Final Dataset/testing/Low/01c89702-0401-462b-8ea6-3c4ae4436053.jpg,1,Low,train,testing
Final Dataset/validation/Empty/1d77de04-3659-45d7-beb3-9f9313490cb9.jpg,0,Empty,train,validation
Final Dataset/testing/Traffic Jam/6ea0e8a3-89c2-4f65-a2b8-5ed1e046d53c.jpg,4,Traffic Jam,train,testing
Final Dataset/training/High/c43f6661-2278-4340-be75-211bbbd47829.jpg,3,High,train,training
Final Dataset/training/Low/60837bbd-d7ea-4e3c-9dfc-8cbf10a98908.jpg,1,Low,train,training
Final Dataset/training/Low/2aa2159b-7ada-49e5-be44-4a942aa1d676.jpg,1,Low,train,training
Final Dataset/training/Empty/a936c715-cece-4075-96ba-e825508f42f0.jpg,0,Empty,train,training
Final Dataset/training/Empty/28f8d9e8-b974-40f0-9a61-5672d604e847.jpg,0,Empty,train,training
Final Dataset/training/Low/2567eb6e-24a4-4e71-9889-74b17e42be13.jpg,1,Low,train,training
Final Dataset/training/Medium/22b952de-d569-49aa-bc6a-54fce9980fd5.jpg,2,Medium,train,training
Final Dataset/training/Traffic Jam/d4036502-4477-465c-8d26-3e31c99698c6.jpg,4,Traffic Jam,train,training
Final Dataset/validation/Empty/003cbde9-ba62-4d73-8358-fb9bb14400f6.jpg,0,Empty,train,validation
Final Dataset/testing/High/15bb66dd-8a32-417a-951c-fde5f2566f4b.jpg,3,High,train,testing
Final Dataset/validation/Low/7ac53499-125b-4a47-a063-146900cd76f3.jpg,1,Low,train,validation
Final Dataset/training/Empty/ff31d387-7950-477d-9fbc-2b3f2a5967b9.jpg,0,Empty,train,training
Final Dataset/training/Empty/437e9b50-d120-49f0-8c7b-54abb0743768.jpg,0,Empty,train,training
Final Dataset/training/Low/2945445b-88c7-493f-897e-64395eebafbb.jpg,1,Low,train,training
Final Dataset/training/Empty/588965e0-91e2-4708-abb0-8dfbd2af4918.jpg,0,Empty,train,training
Final Dataset/training/Low/49743ea8-0f28-49fa-9efa-364caeb30946.jpg,1,Low,train,training
Final Dataset/training/Medium/a0405ad2-4935-4610-aa44-d3130add4596.jpg,2,Medium,train,training
Final Dataset/training/Empty/facbf852-10d9-408c-b5cc-1dab0c324c71.jpg,0,Empty,train,training
Final Dataset/training/Low/00340843-8d38-49d1-b30e-9389a7b92804.jpg,1,Low,train,training
Final Dataset/training/Empty/73bb05d8-43bf-4f3e-bbb4-11608954936f.jpg,0,Empty,train,training
Final Dataset/training/Low/102d273f-330d-4c26-945a-d3d6ed5544e6.jpg,1,Low,train,training
Final Dataset/testing/Medium/4ebbdade-ba46-4292-89e7-538431f3e3c0.jpg,2,Medium,train,testing
Final Dataset/training/Low/6220249c-b1cf-466b-9d40-bf3e3432a24a.jpg,1,Low,train,training
Final Dataset/training/Medium/96d76e65-4306-48f2-bbb6-11b1d053fec4.jpg,2,Medium,train,training
Final Dataset/training/Low/3d64023d-ab18-4e1e-a798-608bc5ab0ca1.jpg,1,Low,train,training
Final Dataset/validation/Empty/2ebd4db8-9098-425b-9132-75b9c74e8175.jpg,0,Empty,train,validation
Final Dataset/training/Low/edc6ea0a-6e23-4e2a-b9be-81189b435f64.jpg,1,Low,train,training
Final Dataset/training/High/2d4dffae-c77c-4bc5-9b53-0f84b313250f.jpg,3,High,train,training
Final Dataset/training/Low/28ed3f2e-aab6-4485-9b64-2361572d1925.jpg,1,Low,train,training
Final Dataset/validation/Traffic Jam/3a87390a-f9bd-4e94-801b-e078ee4c4ae3.jpg,4,Traffic Jam,train,validation
Final Dataset/training/Low/121e6e77-a47b-4374-86b4-a25813c48fd8.jpg,1,Low,train,training
Final Dataset/training/Empty/88a9720a-ff26-4247-adde-51ca8ddc4423.jpg,0,Empty,train,training
Final Dataset/training/Traffic Jam/d9fca90c-e611-4628-9846-8c9d5adf3a09.jpg,4,Traffic Jam,train,training
Final Dataset/training/Medium/de6d1652-e4e3-42b3-9426-770b602701b3.jpg,2,Medium,train,training
Final Dataset/training/Empty/82ea93c0-7f1c-4e5a-a571-8f4787f4d8db.jpg,0,Empty,train,training
Final Dataset/training/Medium/d43a0679-d72e-404a-bfc4-c38253815bc0.jpg,2,Medium,train,training
Final Dataset/training/Medium/ac730c79-4f7a-4898-b387-7311b57a18c4.jpg,2,Medium,train,training
Final Dataset/training/Empty/c51ef64d-8646-48a6-9b0b-dea9d9b948ec.jpg,0,Empty,train,training
Final Dataset/training/Medium/b1fcd943-94c2-4479-9c5f-3f39fa9dc91c.jpg,2,Medium,train,training
Final Dataset/training/Empty/60ce9b38-ab59-4b0d-b266-0fc6da7eed77.jpg,0,Empty,train,training
Final Dataset/training/Empty/90462b3f-cfac-4672-b8b1-bce82b7cc0b2.jpg,0,Empty,train,training
Final Dataset/training/Low/93200795-7709-4808-bdd5-36db1576dddf.jpg,1,Low,train,training
Final Dataset/training/Medium/e9645bd5-4305-4343-9e45-b023af77ba8d.jpg,2,Medium,train,training
Final Dataset/validation/Empty/2eb9ab04-7772-4cde-aec1-11c62a8d705c.jpg,0,Empty,train,validation
Final Dataset/training/Empty/d7c1b297-9a9c-466c-8ec7-157b7d8c63b3.jpg,0,Empty,train,training
Final Dataset/training/Low/93a684ce-892d-4dde-ade8-0587068d7583.jpg,1,Low,train,training
Final Dataset/training/Low/44084bb7-e8c8-4fb8-8338-0e618c0eb43c (1).jpg,1,Low,train,training
Final Dataset/training/Empty/987e63c7-fb65-4464-9b42-359687e57d73.jpg,0,Empty,train,training
Final Dataset/training/Empty/e3a0e271-b3b5-4c21-b7c0-ee0cab789f0f.jpg,0,Empty,train,training
Final Dataset/training/Medium/88f9d1ee-a1c7-4382-b14b-a2d4a739674b.jpg,2,Medium,train,training
Final Dataset/training/Medium/d5d22d9b-5b92-48e2-873a-e10cc9887257.jpg,2,Medium,train,training
Final Dataset/training/Medium/261b67db-e0c3-44e4-83ac-85690bfe6a2d.jpg,2,Medium,train,training
Final Dataset/training/Empty/22957527-3004-431a-9d68-5e789733a5f5.jpg,0,Empty,train,training
Final Dataset/training/Low/dc321501-793a-463c-a94f-5bb13aa87685.jpg,1,Low,train,training
Final Dataset/training/Empty/e894071b-1a77-4179-875d-81b185597cb2.jpg,0,Empty,train,training
Final Dataset/training/Medium/a83f85ff-3bf8-48c5-aefb-971689181907.jpg,2,Medium,train,training
Final Dataset/validation/Medium/3dbf85da-9934-42dc-8e09-da37535170fd(1).jpg,2,Medium,train,validation
Final Dataset/validation/Empty/3ac618e4-3570-4d29-bbda-fd2d485f904f.jpg,0,Empty,train,validation
Final Dataset/training/Medium/a4a070a4-272f-429d-aa15-f3cb24300003.jpg,2,Medium,train,training
Final Dataset/validation/Empty/6e874b75-21f4-4809-84e8-9bd0be74d32d.jpg,0,Empty,train,validation
Final Dataset/training/Low/53a3910e-1d62-4ab4-ac91-3ccd24b2a0b4.jpg,1,Low,train,training
Final Dataset/training/Empty/63b74cf0-0c24-4dc1-af64-ec696db45e35.jpg,0,Empty,train,training
Final Dataset/training/Medium/13cda1f2-27b4-4a64-bcc6-3e78e40d4520.jpg,2,Medium,train,training
Final Dataset/training/Low/20645f11-2aca-4d2c-84a5-5316d35f00c3.jpg,1,Low,train,training
Final Dataset/training/High/c7be9c18-f169-4d91-b933-24b22fde61bd.jpg,3,High,train,training
Final Dataset/training/Medium/f33bfc5b-bf37-439c-8bbb-7725c014e1d6.jpg,2,Medium,train,training
Final Dataset/training/Low/d6af1631-70dd-4a00-9b38-955e209dc2cf.jpg,1,Low,train,training
Final Dataset/training/Low/e818d56e-2190-426f-9524-c67f3055131a.jpg,1,Low,train,training
Final Dataset/training/Traffic Jam/15d2dc60-4b5f-4f0e-b2bd-0c9433679935.jpg,4,Traffic Jam,train,training
Final Dataset/training/Empty/d03a52ea-6ba8-472c-9ec5-437d8f20f8c1.jpg,0,Empty,train,training
Final Dataset/training/Empty/a595b7f4-b0ea-454f-b775-a9d976a6b3c8.jpg,0,Empty,train,training
Final Dataset/training/Empty/9b1f0699-749f-4493-a974-4999048e6fd2.jpg,0,Empty,train,training
Final Dataset/training/Empty/fd41660a-6d87-425e-94f7-14feb138f726.jpg,0,Empty,train,training
Final Dataset/training/Empty/e437dd33-ebf8-4419-b67a-c4304d0d9d3f.jpg,0,Empty,train,training
Final Dataset/training/Empty/6fc86a29-fde4-4c32-a825-f23d88c86426.jpg,0,Empty,train,training
Final Dataset/training/Empty/56356f99-900a-4b5e-871b-c99436c67837.jpg,0,Empty,train,training
Final Dataset/training/High/6063ec80-b916-43af-9d12-5b3646197d11.jpg,3,High,train,training
Final Dataset/training/High/2392663a-b601-4f7c-988c-0b4c2995a299.jpg,3,High,train,training
Final Dataset/training/Empty/55ff5196-0886-466e-bcd9-af7bff84c8d1.jpg,0,Empty,train,training
Final Dataset/training/Traffic Jam/8d1e62cb-b629-42f0-a35c-68e0207ef7c7.jpg,4,Traffic Jam,train,training
Final Dataset/validation/Medium/9c18a467-3cfd-4f4a-8154-903c6bb5fded.jpg,2,Medium,train,validation
Final Dataset/validation/Low/8cc4fc80-ca8b-49e2-ab38-f87ef0b6e26b.jpg,1,Low,train,validation
Final Dataset/training/High/53b7cbac-cede-4e9f-8ac8-da4cb2a3d794.jpg,3,High,train,training
Final Dataset/training/Medium/8fc9fac7-c4f4-4fbe-8b03-edaf4f9db991.jpg,2,Medium,train,training
Final Dataset/training/Empty/a79ec218-33b3-4f9a-b235-eb73ed71ae2f.jpg,0,Empty,train,training
Final Dataset/training/Low/930e18c3-b5cf-45c5-be51-1a4e460206f2.jpg,1,Low,train,training
Final Dataset/training/Medium/c09e1fe7-4332-4072-9bd6-4848c0daa58e.jpg,2,Medium,train,training
Final Dataset/training/Traffic Jam/e424bf93-1aee-495e-8881-49998b30f7ec.jpg,4,Traffic Jam,train,training
Final Dataset/training/Empty/1446f614-e98c-4ea6-acf0-a9370efa8ceb.jpg,0,Empty,train,training
Final Dataset/training/Traffic Jam/images44.jpg,4,Traffic Jam,train,training
Final Dataset/training/Empty/366abf20-fc65-415a-9e0d-3b60cbb7dee5.jpg,0,Empty,train,training
Final Dataset/training/Low/f721f33d-6d23-4791-bfc3-037786e9daf1.jpg,1,Low,train,training
Final Dataset/training/Empty/69720fe7-1403-4bd9-a4a6-7a8c8ef412e4.jpg,0,Empty,train,training
Final Dataset/training/Empty/3eb6caa2-ef0f-4c36-b981-29e47df90700.jpg,0,Empty,train,training
Final Dataset/training/Low/cd7ab1e9-5db4-4f08-a277-1424cabdcccd.jpg,1,Low,train,training
Final Dataset/training/Empty/e2fe1c69-a69c-4224-ab23-77c20016fee6.jpg,0,Empty,train,training
Final Dataset/testing/Low/0fc834ed-4870-4c7e-93a7-87314bc9fdc9.jpg,1,Low,train,testing
Final Dataset/training/Empty/0896a815-2e75-4855-a4e5-cfa06bcb1c05.jpg,0,Empty,train,training
Final Dataset/training/Empty/53fc042e-936b-4132-9840-2508e87c89e9.jpg,0,Empty,train,training
Final Dataset/training/Medium/9149fc2d-1153-47e9-a2e1-01a1a9f3ca0f.jpg,2,Medium,train,training
Final Dataset/training/Empty/8eea8f24-500d-4f19-b447-5684affda70c.jpg,0,Empty,train,training
Final Dataset/training/Empty/377b4119-1b87-4269-b683-dfca158419bc.jpg,0,Empty,train,training
Final Dataset/testing/Empty/0a37454f-40c2-4302-9e8b-23af7b95875b.jpg,0,Empty,train,testing
Final Dataset/training/Traffic Jam/coronavirus-huge-traffic-jam-at-chennai-flyover-despite-india-lockdown.jpg,4,Traffic Jam,train,training
Final Dataset/training/High/86a13c97-9147-4460-920f-b697b32c79b6.jpg,3,High,train,training
Final Dataset/training/Medium/457b00aa-1df3-47dd-8951-c6ec07e1ff4a.jpg,2,Medium,train,training
Final Dataset/training/High/362192d4-f061-411b-855c-22cf86e7e1c4.jpg,3,High,train,training
Final Dataset/validation/Empty/3d32b9be-e8b6-4ce6-91a4-7956ab56e7b0.jpg,0,Empty,train,validation
Final Dataset/testing/Low/0badc2ac-6a65-486b-a916-670e8acf93b4.jpg,1,Low,train,testing
Final Dataset/training/High/6d64d889-09ee-4b69-b275-da8666df2934.jpg,3,High,train,training
Final Dataset/training/High/695881cb-2ba2-4e01-9750-13ec694a65ad.jpg,3,High,train,training
Final Dataset/testing/Medium/1a0b5361-a2f7-4679-92b9-0f18608d3481.jpg,2,Medium,train,testing
Final Dataset/training/Empty/511b7e18-4d48-45b7-87e2-231f7a14b9e1.jpg,0,Empty,train,training
Final Dataset/training/Low/e798db74-8d3e-4cfc-916e-d86a81db632c.jpg,1,Low,train,training
Final Dataset/training/Empty/69e96232-5968-47ba-a309-9376daeb7dc3.jpg,0,Empty,train,training
Final Dataset/training/Empty/163287b0-dd2f-4844-ae73-0f483272f874.jpg,0,Empty,train,training
Final Dataset/validation/Low/5caa49eb-6637-460e-972e-19f39aaa4433.jpg,1,Low,train,validation
Final Dataset/training/Medium/e32a076f-349a-4fed-83df-29ccd743c470.jpg,2,Medium,train,training
Final Dataset/training/Medium/77e49855-c4a3-4522-b8c2-c9dfbb97c116.jpg,2,Medium,train,training
Final Dataset/training/High/e5d3fa3f-8848-4592-a123-bfb66dfefc25.jpg,3,High,train,training
Final Dataset/training/Low/2b085d82-a521-4255-879e-8ff53b0b5d84.jpg,1,Low,train,training
Final Dataset/validation/Low/06a9d098-8bc0-441d-b3d2-834506a8c1d8.jpg,1,Low,train,validation
Final Dataset/training/Medium/4511ca71-02e1-4909-9546-76415feb6b3e.jpg,2,Medium,train,training
Final Dataset/training/Medium/23d6b465-0e52-4be2-9fe6-b2d134086759.jpg,2,Medium,train,training
Final Dataset/training/Empty/27e5b508-8732-4c66-8d31-26e6c92e7c59.jpg,0,Empty,train,training
Final Dataset/training/Low/ccc48def-fb4d-4459-9312-0a254578cf55.jpg,1,Low,train,training
Final Dataset/training/Empty/9561207e-b9a3-42db-be66-59437aab9bb7.jpg,0,Empty,train,training
Final Dataset/training/Low/d8dd8b44-37ff-4481-b463-6d19f381c2b1.jpg,1,Low,train,training
Final Dataset/training/Low/2e0c2e26-5d17-4be1-9c3e-265568cc5b13.jpg,1,Low,train,training
Final Dataset/validation/Medium/9ba8ceb5-7328-4bce-98a2-1d81eba8c19f.jpg,2,Medium,train,validation
Final Dataset/validation/Empty/2bd2164a-4835-494f-9ffa-4d83247e766b.jpg,0,Empty,train,validation
Final Dataset/testing/Medium/3ea76b8b-c076-4c2c-9a24-85d5ae3f96fc.jpg,2,Medium,train,testing
Final Dataset/training/Medium/eb45beec-de60-4ee7-911c-b4f6e1edc4c5.jpg,2,Medium,train,training
Final Dataset/training/High/d0b6d426-8117-45cb-8e93-88ba5d6c5ca6.jpg,3,High,train,training
Final Dataset/training/Low/22c09f96-a2e8-45f3-904c-89230eac7ccd.jpg,1,Low,train,training
Final Dataset/training/Empty/ec722a3a-d98e-4c82-95bf-9d1ec5b0e0c2.jpg,0,Empty,train,training
Final Dataset/training/Medium/a7800fda-8e27-4667-998c-fecac490ca71.jpg,2,Medium,train,training
Final Dataset/training/Empty/ad742dd4-5c73-42a1-a786-e1929905e51a.jpg,0,Empty,train,training
Final Dataset/training/Empty/a7f2b404-1dde-44eb-8a03-fc938ddd3544.jpg,0,Empty,train,training
Final Dataset/testing/Empty/1bd184e9-2b48-4aa7-a352-81c46b522ed5.jpg,0,Empty,train,testing
Final Dataset/validation/Empty/1dae1f80-c9d6-48a2-bb09-f182b66b3f5e.jpg,0,Empty,train,validation
Final Dataset/training/Traffic Jam/ece12baf-7c05-40b1-b147-fb567057f507.jpg,4,Traffic Jam,train,training
Final Dataset/training/Empty/f6239cdb-83a0-496c-8382-eb26ef6da0f1.jpg,0,Empty,train,training
Final Dataset/training/High/439b37d7-c43c-4708-ab3e-ef60747b51ba.jpg,3,High,train,training
Final Dataset/training/Low/fe679d5e-a56d-4ac6-bf50-2db79f6153d5.jpg,1,Low,train,training
Final Dataset/training/Empty/8f54967c-c4e5-4612-a668-6ba50f9aad9b - Copy (2).jpg,0,Empty,train,training
Final Dataset/training/Empty/ffc5c604-c337-4bf7-866b-97b130435bd6.jpg,0,Empty,train,training
Final Dataset/training/Medium/75ce0d5b-d52d-4bd4-85f4-cce95852819a.jpg,2,Medium,train,training
Final Dataset/training/Low/40e33470-861e-4d15-9d4f-c79533ee6dbd.jpg,1,Low,train,training
Final Dataset/testing/Traffic Jam/2a9a2619-cb9b-4150-a925-5c2257cd45b1.jpg,4,Traffic Jam,train,testing
Final Dataset/training/Empty/fe31cd46-932b-4966-8d75-e70eefac0d55.jpg,0,Empty,train,training
Final Dataset/training/Low/911eebe8-8a46-48f8-af88-26a7a7399dae.jpg,1,Low,train,training
Final Dataset/training/Empty/2dea5c3c-bb32-4967-89f5-7897800781f9.jpg,0,Empty,train,training
Final Dataset/training/Low/722556f3-6fe9-49d1-ac8a-0f81c4623691.jpg,1,Low,train,training
Final Dataset/training/Medium/342325d4-cd33-4a82-8bba-ed9a8bb4165b.jpg,2,Medium,train,training
Final Dataset/training/Empty/6d55eb0f-7c14-41ba-9aca-fb9eaec853a2.jpg,0,Empty,train,training
Final Dataset/training/Low/988cf566-db25-450a-bee6-8fcd736f4e55.jpg,1,Low,train,training
Final Dataset/training/Low/f935b5ef-f64c-4c3e-b53c-b5b6e1cc23a5.jpg,1,Low,train,training
Final Dataset/training/High/d37cf1a8-81e9-40b2-bac6-0d7e08987924.jpg,3,High,train,training
Final Dataset/training/High/e1423151-1987-4802-a96f-367c83a8aba7.jpg,3,High,train,training
Final Dataset/training/Empty/21c5ddb3-1190-4300-8faf-52c535011276.jpg,0,Empty,train,training
Final Dataset/validation/Medium/01bc2181-880e-478f-ac58-6db84b948d1a.jpg,2,Medium,train,validation
Final Dataset/training/High/deeb463c-8523-4f50-bb38-93ccfd695780.jpg,3,High,train,training
Final Dataset/validation/Medium/9a9067a5-906d-452b-93c3-756914115a28.jpg,2,Medium,train,validation
Final Dataset/training/High/2222aaec-adc6-4952-afb6-e9a98b2cc145.jpg,3,High,train,training
Final Dataset/training/Low/bc34e6ad-fd41-4c07-9888-0f4cbc282c0f.jpg,1,Low,train,training
Final Dataset/training/Medium/3bcd4a50-9a42-4811-9136-4734c5fba42b.jpg,2,Medium,train,training
Final Dataset/training/High/e68771f7-80bd-4709-abb3-1ab0857339df.jpg,3,High,train,training
Final Dataset/training/Empty/0389bd05-fe38-450d-bcc4-052c9f2a935a.jpg,0,Empty,train,training
Final Dataset/testing/Empty/3e70af8c-14f1-40ca-beb8-65e3f74fbaa3.jpg,0,Empty,train,testing
Final Dataset/testing/Medium/1d5afdcb-b436-4f1b-8625-2092b9d85799.jpg,2,Medium,train,testing
Final Dataset/training/Medium/629a96e7-94cc-4158-ab85-3ad2aeb1d2bb.jpg,2,Medium,train,training
Final Dataset/training/Empty/130502bd-a892-4013-bf3d-6b5a885bd551.jpg,0,Empty,train,training
Final Dataset/training/Traffic Jam/cfc4634b-8198-4cd5-81f2-9082b0f53c6a.jpg,4,Traffic Jam,train,training
Final Dataset/validation/Low/8c586d40-f91a-4715-94b1-c2475b3acddc.jpg,1,Low,train,validation
Final Dataset/training/Low/7247edfc-9a7d-4d75-bde5-76fa17356931.jpg,1,Low,train,training
Final Dataset/training/Empty/a36a1e04-ccc1-4efd-b21d-adb1d7ace8e5.jpg,0,Empty,train,training
Final Dataset/training/Medium/60ac8933-f48e-4d82-90c0-07320272b01e.jpg,2,Medium,train,training
Final Dataset/training/High/c02704ab-488b-4f6a-973e-3600c4d433cd.jpg,3,High,train,training
Final Dataset/training/Empty/d767922c-b134-4ff6-8658-51c6a03ebbe2.jpg,0,Empty,train,training
Final Dataset/training/High/e8ee545d-5c56-46be-b685-98ce63f0fbf7.jpg,3,High,train,training
Final Dataset/training/Empty/515f4b0a-7fc9-4b4c-8273-793357c27ec4.jpg,0,Empty,train,training
Final Dataset/training/Low/dc53f2bf-92a7-4f72-a527-2516e5d44229.jpg,1,Low,train,training
Final Dataset/training/Low/2a44dbb9-230f-4461-8d3b-592235da480b.jpg,1,Low,train,training
Final Dataset/testing/High/02af0e4f-9079-424b-9ccb-e84f12a70feb.jpg,3,High,train,testing
Final Dataset/testing/Empty/1c37fc9a-6910-4711-89bf-4324b75a7e84.jpg,0,Empty,train,testing
Final Dataset/training/Medium/e6acb7e6-e30c-4eb8-95f6-61d5fbdc52ff (1).jpg,2,Medium,train,training
Final Dataset/training/Empty/fdb218fb-25cb-42fc-b72f-27066233caac.jpg,0,Empty,train,training
Final Dataset/training/Low/5906a6e9-e3a8-48f3-9446-720a3f9cf468.jpg,1,Low,train,training
Final Dataset/validation/Medium/7ebb8408-a409-4f67-b833-3e415dfb3762.jpg,2,Medium,train,validation
Final Dataset/training/Empty/b95ed25c-f774-44db-a1a4-c7f1c93a4169.jpg,0,Empty,train,training
Final Dataset/training/Empty/b9184676-ebc0-4d8b-a55f-0443728fa425.jpg,0,Empty,train,training
Final Dataset/training/Empty/c2b4e859-2b21-4fb9-8e38-ec5e71d9880d.jpg,0,Empty,train,training
Final Dataset/testing/Low/1c0b0e9e-2162-4eb3-8ea6-9952f77c7b3c.jpg,1,Low,train,testing
Final Dataset/training/Low/9ce79c42-1c54-40de-8cc3-534d82b9001c.jpg,1,Low,train,training
Final Dataset/training/Medium/a8b5fbde-8abf-4b84-bed2-dd588c6699e8.jpg,2,Medium,train,training
Final Dataset/training/Medium/a5c7a28b-feb9-48d1-871b-52891b11fdfd.jpg,2,Medium,train,training
Final Dataset/training/Empty/116c8365-93dc-40e3-a10d-269e54654cbc.jpg,0,Empty,train,training
Final Dataset/validation/Empty/3bd70d4d-6bbc-4c8b-9efe-0c86bbed185b.jpg,0,Empty,train,validation
Final Dataset/training/High/58eb0c63-4230-4311-9ae4-557120989105.jpg,3,High,train,training
Final Dataset/training/Medium/f07c03a4-a4e4-4ed4-afdf-acedef27733b.jpg,2,Medium,train,training
Final Dataset/training/High/25fdf458-90c6-45e6-b32d-7e6bc9c5433a.jpg,3,High,train,training
Final Dataset/training/Low/53d9afa0-0c34-4113-80f1-bb2bbdbff791.jpg,1,Low,train,training
